step,ego_x,ego_y,ego_yaw,ego_speed,ego_extent_x,ego_extent_y,ego_extent_z,ego_id,car0_x,car0_y,car0_yaw,car0_speed,car0_extent_x,car0_extent_y,car0_id,car1_x,car1_y,car1_yaw,car1_speed,car1_extent_x,car1_extent_y,car1_id,car2_x,car2_y,car2_yaw,car2_speed,car2_extent_x,car2_extent_y,car2_id,car3_x,car3_y,car3_yaw,car3_speed,car3_extent_x,car3_extent_y,car3_id,car4_x,car4_y,car4_yaw,car4_speed,car4_extent_x,car4_extent_y,car4_id,car5_x,car5_y,car5_yaw,car5_speed,car5_extent_x,car5_extent_y,car5_id,car6_x,car6_y,car6_yaw,car6_speed,car6_extent_x,car6_extent_y,car6_id,car7_x,car7_y,car7_yaw,car7_speed,car7_extent_x,car7_extent_y,car7_id,car8_x,car8_y,car8_yaw,car8_speed,car8_extent_x,car8_extent_y,car8_id,car9_x,car9_y,car9_yaw,car9_speed,car9_extent_x,car9_extent_y,car9_id,car10_x,car10_y,car10_yaw,car10_speed,car10_extent_x,car10_extent_y,car10_id,car11_x,car11_y,car11_yaw,car11_speed,car11_extent_x,car11_extent_y,car11_id,car12_x,car12_y,car12_yaw,car12_speed,car12_extent_x,car12_extent_y,car12_id,car13_x,car13_y,car13_yaw,car13_speed,car13_extent_x,car13_extent_y,car13_id,car14_x,car14_y,car14_yaw,car14_speed,car14_extent_x,car14_extent_y,car14_id,car15_x,car15_y,car15_yaw,car15_speed,car15_extent_x,car15_extent_y,car15_id,car16_x,car16_y,car16_yaw,car16_speed,car16_extent_x,car16_extent_y,car16_id,car17_x,car17_y,car17_yaw,car17_speed,car17_extent_x,car17_extent_y,car17_id,car18_x,car18_y,car18_yaw,car18_speed,car18_extent_x,car18_extent_y,car18_id,car19_x,car19_y,car19_yaw,car19_speed,car19_extent_x,car19_extent_y,car19_id,route0_x,route0_y,route0_yaw,route0_id,route0_extent_x,route0_extent_y,route1_x,route1_y,route1_yaw,route1_id,route1_extent_x,route1_extent_y,route2_x,route2_y,route2_yaw,route2_id,route2_extent_x,route2_extent_y,target_point_x,target_point_y,light_hazard,wp0_x,wp1_x,wp2_x,wp3_x,wp0_y,wp1_y,wp2_y,wp3_y,car0_rel_x,car1_rel_x,car2_rel_x,car3_rel_x,car4_rel_x,car5_rel_x,car6_rel_x,car7_rel_x,car8_rel_x,car9_rel_x,car10_rel_x,car11_rel_x,car12_rel_x,car13_rel_x,car14_rel_x,car15_rel_x,car16_rel_x,car17_rel_x,car18_rel_x,car19_rel_x,car0_rel_y,car1_rel_y,car2_rel_y,car3_rel_y,car4_rel_y,car5_rel_y,car6_rel_y,car7_rel_y,car8_rel_y,car9_rel_y,car10_rel_y,car11_rel_y,car12_rel_y,car13_rel_y,car14_rel_y,car15_rel_y,car16_rel_y,car17_rel_y,car18_rel_y,car19_rel_y,car0_rel_yaw,car1_rel_yaw,car2_rel_yaw,car3_rel_yaw,car4_rel_yaw,car5_rel_yaw,car6_rel_yaw,car7_rel_yaw,car8_rel_yaw,car9_rel_yaw,car10_rel_yaw,car11_rel_yaw,car12_rel_yaw,car13_rel_yaw,car14_rel_yaw,car15_rel_yaw,car16_rel_yaw,car17_rel_yaw,car18_rel_yaw,car19_rel_yaw,car0_rel_speed,car1_rel_speed,car2_rel_speed,car3_rel_speed,car4_rel_speed,car5_rel_speed,car6_rel_speed,car7_rel_speed,car8_rel_speed,car9_rel_speed,car10_rel_speed,car11_rel_speed,car12_rel_speed,car13_rel_speed,car14_rel_speed,car15_rel_speed,car16_rel_speed,car17_rel_speed,car18_rel_speed,car19_rel_speed,car0_rel_extent_x,car1_rel_extent_x,car2_rel_extent_x,car3_rel_extent_x,car4_rel_extent_x,car5_rel_extent_x,car6_rel_extent_x,car7_rel_extent_x,car8_rel_extent_x,car9_rel_extent_x,car10_rel_extent_x,car11_rel_extent_x,car12_rel_extent_x,car13_rel_extent_x,car14_rel_extent_x,car15_rel_extent_x,car16_rel_extent_x,car17_rel_extent_x,car18_rel_extent_x,car19_rel_extent_x,car0_rel_extent_y,car1_rel_extent_y,car2_rel_extent_y,car3_rel_extent_y,car4_rel_extent_y,car5_rel_extent_y,car6_rel_extent_y,car7_rel_extent_y,car8_rel_extent_y,car9_rel_extent_y,car10_rel_extent_y,car11_rel_extent_y,car12_rel_extent_y,car13_rel_extent_y,car14_rel_extent_y,car15_rel_extent_y,car16_rel_extent_y,car17_rel_extent_y,car18_rel_extent_y,car19_rel_extent_y,car0_rel_id,car1_rel_id,car2_rel_id,car3_rel_id,car4_rel_id,car5_rel_id,car6_rel_id,car7_rel_id,car8_rel_id,car9_rel_id,car10_rel_id,car11_rel_id,car12_rel_id,car13_rel_id,car14_rel_id,car15_rel_id,car16_rel_id,car17_rel_id,car18_rel_id,car19_rel_id,route0_rel_x,route1_rel_x,route2_rel_x,route0_rel_y,route1_rel_y,route2_rel_y,route0_rel_yaw,route1_rel_yaw,route2_rel_yaw,route0_rel_id,route1_rel_id,route2_rel_id,route0_rel_extent_x,route1_rel_extent_x,route2_rel_extent_x,route0_rel_extent_y,route1_rel_extent_y,route2_rel_extent_y
0,-1.3,-0.0,0,4.304917761910296e-05,1.5107464790344238,4.901683330535889,2.128324270248413,109,-23.752406508316998,10.5001023598085,3.141558831183875,-6.720849687509177e-05,1.6197669506072998,1.6562436819076538,121,36.25824955995555,13.999803317984211,-3.141584397790414,7.020272435860966e-05,2.560655355453491,5.91519021987915,119,-23.75442733473511,14.000103341845325,-3.141584397790414,-4.0184887369684426e-05,1.5012825727462769,3.633375883102417,118,-34.579784834606784,0.00015763513561595357,2.6631610898775193e-06,4.344627179180352e-05,1.300939917564392,4.717525005340576,116,6.2498829966121,13.999958128300385,-3.141584930682706,0.0001493030569751294,2.467444658279419,5.203838348388672,115,36.25730901812594,10.499793393858567,-3.141584930682706,0.0001494304405560377,2.467444658279419,5.203838348388672,112,6.252801200843241,10.499953162734576,3.1415401898364674,-3.351988601811421e-05,1.523191213607788,2.043684244155884,111,25.545583635597925,3.499829572050485,2.8762139772986473e-05,0.00018559779709858117,1.7758288383483887,1.843441367149353,110,nan,nan,nan,nan,nan,nan,nan,nan,nan,nan,nan,nan,nan,nan,nan,nan,nan,nan,nan,nan,nan,nan,nan,nan,nan,nan,nan,nan,nan,nan,nan,nan,nan,nan,nan,nan,nan,nan,nan,nan,nan,nan,nan,nan,nan,nan,nan,nan,nan,nan,nan,nan,nan,nan,nan,nan,nan,nan,nan,nan,nan,nan,nan,nan,nan,nan,nan,nan,nan,nan,nan,nan,nan,nan,nan,nan,nan,nan,nan,nan,nan,nan,nan,nan,26.231747703405386,0.008733427115418774,5.04498445108581e-06,0,1.5107464790344238,48.9999885559082,nan,nan,nan,nan,nan,nan,nan,nan,nan,nan,nan,nan,51.00146645311968,-0.00861890217495559,False,0.2045933,0.0027067703,1.6542037,4.8407353e-05,3.1053302,-0.00064231677,4.621831,-0.0016979368,-22.452406508316997,10.5001023598085,3.141558831183875,-6.720849687509177e-05,1.6197669506072998,1.6562436819076538,121,37.55824955995555,13.999803317984211,-3.141584397790414,7.020272435860966e-05,2.560655355453491,5.91519021987915,119,-22.454427334735108,14.000103341845325,-3.141584397790414,-4.0184887369684426e-05,1.5012825727462769,3.633375883102417,118,-33.27978483460679,0.00015763513561595357,2.6631610898775193e-06,4.344627179180352e-05,1.300939917564392,4.717525005340576,116,7.5498829966121,13.999958128300385,-3.141584930682706,0.0001493030569751294,2.467444658279419,5.203838348388672,115,37.557309018125935,10.499793393858567,-3.141584930682706,0.0001494304405560377,2.467444658279419,5.203838348388672,112,7.552801200843241,10.499953162734576,3.1415401898364674,-3.351988601811421e-05,1.523191213607788,2.043684244155884,111,26.845583635597926,3.499829572050485,2.8762139772986473e-05,0.00018559779709858117,1.7758288383483887,1.843441367149353,110,nan,nan,nan,nan,nan,nan,nan,nan,nan,nan,nan,nan,nan,nan,nan,nan,nan,nan,nan,nan,nan,nan,nan,nan,nan,nan,nan,nan,nan,nan,nan,nan,nan,nan,nan,nan,nan,nan,nan,nan,nan,nan,nan,nan,nan,nan,nan,nan,nan,nan,nan,nan,nan,nan,nan,nan,nan,nan,nan,nan,nan,nan,nan,nan,nan,nan,nan,nan,nan,nan,nan,nan,nan,nan,nan,nan,nan,nan,nan,nan,nan,nan,nan,nan,27.531747703405387,0.008733427115418774,5.04498445108581e-06,0,1.5107464790344238,48.9999885559082,nan,nan,nan,nan,nan,nan,nan,nan,nan,nan,nan,nan
1,-1.3,-0.0,0,0.0,1.5107464790344238,4.901683330535889,2.128324270248413,109,-23.7524469162047,10.500102398089764,3.1415524401174073,-4.7297398927622345e-05,1.6197669506072998,1.6562436819076538,121,36.258263097710206,13.99980196620528,-3.1415843975303397,4.951723835872751e-05,2.560655355453491,5.91519021987915,119,-23.754408542658037,14.000103151368295,-3.141583865158196,-4.785096748194048e-05,1.5012825727462769,3.633375883102417,118,-34.57977369456528,0.00015748277373854157,0.0,4.399802410213582e-05,1.300939917564392,4.717525005340576,116,6.249892800969016,13.99995698596029,-3.1415843975303397,0.00026611419408927896,2.467444658279419,5.203838348388672,115,36.2573187305768,10.499792251518938,-3.1415843975303397,0.00026608073653118514,2.467444658279419,5.203838348388672,112,6.252797935751807,10.499953048522096,3.141531667460905,-2.4312310585132015e-05,1.523191213607788,2.043684244155884,111,25.545582888527907,3.499829438787063,3.3555829735298914e-05,8.974417036585673e-05,1.7758288383483887,1.843441367149353,110,nan,nan,nan,nan,nan,nan,nan,nan,nan,nan,nan,nan,nan,nan,nan,nan,nan,nan,nan,nan,nan,nan,nan,nan,nan,nan,nan,nan,nan,nan,nan,nan,nan,nan,nan,nan,nan,nan,nan,nan,nan,nan,nan,nan,nan,nan,nan,nan,nan,nan,nan,nan,nan,nan,nan,nan,nan,nan,nan,nan,nan,nan,nan,nan,nan,nan,nan,nan,nan,nan,nan,nan,nan,nan,nan,nan,nan,nan,nan,nan,nan,nan,nan,nan,26.231747703405386,0.008733427115418774,5.04498445108581e-06,0,1.5107464790344238,48.9999885559082,nan,nan,nan,nan,nan,nan,nan,nan,nan,nan,nan,nan,51.00146645311968,-0.00861890217495559,False,0.20459211,0.002706681,1.6541972,4.8295595e-05,3.1053255,-0.000642436,4.621831,-0.0016980784,-22.4524469162047,10.500102398089764,3.1415524401174073,-4.7297398927622345e-05,1.6197669506072998,1.6562436819076538,121,37.5582630977102,13.99980196620528,-3.1415843975303397,4.951723835872751e-05,2.560655355453491,5.91519021987915,119,-22.454408542658037,14.000103151368295,-3.141583865158196,-4.785096748194048e-05,1.5012825727462769,3.633375883102417,118,-33.279773694565286,0.00015748277373854157,0.0,4.399802410213582e-05,1.300939917564392,4.717525005340576,116,7.549892800969015,13.99995698596029,-3.1415843975303397,0.00026611419408927896,2.467444658279419,5.203838348388672,115,37.557318730576796,10.499792251518938,-3.1415843975303397,0.00026608073653118514,2.467444658279419,5.203838348388672,112,7.552797935751807,10.499953048522096,3.141531667460905,-2.4312310585132015e-05,1.523191213607788,2.043684244155884,111,26.845582888527908,3.499829438787063,3.3555829735298914e-05,8.974417036585673e-05,1.7758288383483887,1.843441367149353,110,nan,nan,nan,nan,nan,nan,nan,nan,nan,nan,nan,nan,nan,nan,nan,nan,nan,nan,nan,nan,nan,nan,nan,nan,nan,nan,nan,nan,nan,nan,nan,nan,nan,nan,nan,nan,nan,nan,nan,nan,nan,nan,nan,nan,nan,nan,nan,nan,nan,nan,nan,nan,nan,nan,nan,nan,nan,nan,nan,nan,nan,nan,nan,nan,nan,nan,nan,nan,nan,nan,nan,nan,nan,nan,nan,nan,nan,nan,nan,nan,nan,nan,nan,nan,27.531747703405387,0.008733427115418774,5.04498445108581e-06,0,1.5107464790344238,48.9999885559082,nan,nan,nan,nan,nan,nan,nan,nan,nan,nan,nan,nan
2,-1.3,-0.0,0,0.0,1.5107464790344238,4.901683330535889,2.128324270248413,109,-23.752457284273707,10.500102398142344,3.1415465809029346,-3.07747850603026e-05,1.6197669506072998,1.6562436819076538,121,36.258264732322885,13.999800976212,-3.1415838648981214,1.3573860609612885e-05,2.560655355453491,5.91519021987915,119,-23.754425874275956,14.000103151456189,-3.141583865158196,-5.1567494396356295e-05,1.5012825727462769,3.633375883102417,118,-34.579788511420325,0.00015748284887888702,0.0,4.4214141021902415e-05,1.300939917564392,4.717525005340576,116,6.249932617292619,13.999956014811554,-3.1415843975303397,0.00027250181108065714,2.467444658279419,5.203838348388672,115,36.2573432213749,10.499791318524267,-3.1415843975303397,0.0002725132108301171,2.467444658279419,5.203838348388672,112,6.252783990006368,10.499953048592818,3.1415236779776343,-2.020288646760795e-05,1.523191213607788,2.043684244155884,111,25.545551418171424,3.499829477023004,3.781688747928058e-05,4.420765940345043e-05,1.7758288383483887,1.843441367149353,110,nan,nan,nan,nan,nan,nan,nan,nan,nan,nan,nan,nan,nan,nan,nan,nan,nan,nan,nan,nan,nan,nan,nan,nan,nan,nan,nan,nan,nan,nan,nan,nan,nan,nan,nan,nan,nan,nan,nan,nan,nan,nan,nan,nan,nan,nan,nan,nan,nan,nan,nan,nan,nan,nan,nan,nan,nan,nan,nan,nan,nan,nan,nan,nan,nan,nan,nan,nan,nan,nan,nan,nan,nan,nan,nan,nan,nan,nan,nan,nan,nan,nan,nan,nan,26.231747703405386,0.008733427115418774,5.04498445108581e-06,0,1.5107464790344238,48.9999885559082,nan,nan,nan,nan,nan,nan,nan,nan,nan,nan,nan,nan,51.00146645311968,-0.00861890217495559,False,0.20459116,0.002706666,1.6541975,4.8262067e-05,3.105327,-0.0006424583,4.621833,-0.0016981044,-22.452457284273706,10.500102398142344,3.1415465809029346,-3.07747850603026e-05,1.6197669506072998,1.6562436819076538,121,37.55826473232288,13.999800976212,-3.1415838648981214,1.3573860609612885e-05,2.560655355453491,5.91519021987915,119,-22.454425874275955,14.000103151456189,-3.141583865158196,-5.1567494396356295e-05,1.5012825727462769,3.633375883102417,118,-33.27978851142033,0.00015748284887888702,0.0,4.4214141021902415e-05,1.300939917564392,4.717525005340576,116,7.549932617292619,13.999956014811554,-3.1415843975303397,0.00027250181108065714,2.467444658279419,5.203838348388672,115,37.5573432213749,10.499791318524267,-3.1415843975303397,0.0002725132108301171,2.467444658279419,5.203838348388672,112,7.552783990006368,10.499953048592818,3.1415236779776343,-2.020288646760795e-05,1.523191213607788,2.043684244155884,111,26.845551418171425,3.499829477023004,3.781688747928058e-05,4.420765940345043e-05,1.7758288383483887,1.843441367149353,110,nan,nan,nan,nan,nan,nan,nan,nan,nan,nan,nan,nan,nan,nan,nan,nan,nan,nan,nan,nan,nan,nan,nan,nan,nan,nan,nan,nan,nan,nan,nan,nan,nan,nan,nan,nan,nan,nan,nan,nan,nan,nan,nan,nan,nan,nan,nan,nan,nan,nan,nan,nan,nan,nan,nan,nan,nan,nan,nan,nan,nan,nan,nan,nan,nan,nan,nan,nan,nan,nan,nan,nan,nan,nan,nan,nan,nan,nan,nan,nan,nan,nan,nan,nan,27.531747703405387,0.008733427115418774,5.04498445108581e-06,0,1.5107464790344238,48.9999885559082,nan,nan,nan,nan,nan,nan,nan,nan,nan,nan,nan,nan
3,-1.3,-0.0,0,4.324368157376221e-05,1.5107464790344238,4.901683330535889,2.128324270248413,109,-23.752480421814198,10.500102436336027,3.141540722208611,-3.313269248052016e-05,1.6197669506072998,1.6562436819076538,121,36.25826905124046,13.999800443121257,-3.1415833322659035,-2.037817502509743e-05,2.560655355453491,5.91519021987915,119,-23.754430949088768,14.000103151481925,-3.141583865158196,-5.256800131383587e-05,1.5012825727462769,3.633375883102417,118,-34.57979330918299,0.00015748287320966052,0.0,4.4330386535047694e-05,1.300939917564392,4.717525005340576,116,6.24997169180389,13.999955424430036,-3.1415838648981214,0.00022232777147853213,2.467444658279419,5.203838348388672,115,36.257389888720404,10.49979070906607,-3.1415838648981214,0.0002224495832236716,2.467444658279419,5.203838348388672,112,6.252779582877504,10.499983566099093,3.1415156884943642,-1.9437693936785168e-05,1.523191213607788,2.043684244155884,111,25.545546468563966,3.4998294770481047,4.2344261331983546e-05,3.0424761638800015e-05,1.7758288383483887,1.843441367149353,110,nan,nan,nan,nan,nan,nan,nan,nan,nan,nan,nan,nan,nan,nan,nan,nan,nan,nan,nan,nan,nan,nan,nan,nan,nan,nan,nan,nan,nan,nan,nan,nan,nan,nan,nan,nan,nan,nan,nan,nan,nan,nan,nan,nan,nan,nan,nan,nan,nan,nan,nan,nan,nan,nan,nan,nan,nan,nan,nan,nan,nan,nan,nan,nan,nan,nan,nan,nan,nan,nan,nan,nan,nan,nan,nan,nan,nan,nan,nan,nan,nan,nan,nan,nan,26.231743507694006,0.00873342713669638,5.04498445108581e-06,0,1.5107464790344238,48.9999885559082,nan,nan,nan,nan,nan,nan,nan,nan,nan,nan,nan,nan,51.00146645311968,-0.00861890217495559,False,0.20459056,0.0027066474,1.6542015,4.8273243e-05,3.1053317,-0.0006424546,4.6218367,-0.0016980299,-22.452480421814197,10.500102436336027,3.141540722208611,-3.313269248052016e-05,1.6197669506072998,1.6562436819076538,121,37.55826905124046,13.999800443121257,-3.1415833322659035,-2.037817502509743e-05,2.560655355453491,5.91519021987915,119,-22.454430949088767,14.000103151481925,-3.141583865158196,-5.256800131383587e-05,1.5012825727462769,3.633375883102417,118,-33.27979330918299,0.00015748287320966052,0.0,4.4330386535047694e-05,1.300939917564392,4.717525005340576,116,7.54997169180389,13.999955424430036,-3.1415838648981214,0.00022232777147853213,2.467444658279419,5.203838348388672,115,37.5573898887204,10.49979070906607,-3.1415838648981214,0.0002224495832236716,2.467444658279419,5.203838348388672,112,7.552779582877504,10.499983566099093,3.1415156884943642,-1.9437693936785168e-05,1.523191213607788,2.043684244155884,111,26.845546468563967,3.4998294770481047,4.2344261331983546e-05,3.0424761638800015e-05,1.7758288383483887,1.843441367149353,110,nan,nan,nan,nan,nan,nan,nan,nan,nan,nan,nan,nan,nan,nan,nan,nan,nan,nan,nan,nan,nan,nan,nan,nan,nan,nan,nan,nan,nan,nan,nan,nan,nan,nan,nan,nan,nan,nan,nan,nan,nan,nan,nan,nan,nan,nan,nan,nan,nan,nan,nan,nan,nan,nan,nan,nan,nan,nan,nan,nan,nan,nan,nan,nan,nan,nan,nan,nan,nan,nan,nan,nan,nan,nan,nan,nan,nan,nan,nan,nan,nan,nan,nan,nan,27.531743507694006,0.00873342713669638,5.04498445108581e-06,0,1.5107464790344238,48.9999885559082,nan,nan,nan,nan,nan,nan,nan,nan,nan,nan,nan,nan
4,-1.3,-0.0,0,4.304365669453953e-05,1.5107464790344238,4.901683330535889,2.128324270248413,109,-23.752480477757015,10.500102436336311,3.1415343306219947,-3.2848474708749084e-05,1.6197669506072998,1.6562436819076538,121,36.25827817688871,13.999800347884115,-3.1415833322659035,-4.464002583440827e-05,2.560655355453491,5.91519021987915,119,-23.754425661160457,14.000103151455107,-3.141583865158196,-5.2709551674098805e-05,1.5012825727462769,3.633375883102417,118,-34.579787776171855,0.00015748284515023988,0.0,4.427803349913541e-05,1.300939917564392,4.717525005340576,116,6.250036969413499,13.999955157564575,-3.1415833325259777,0.00015523364147093083,2.467444658279419,5.203838348388672,115,36.25743990740311,10.499790480354337,-3.1415833325259777,0.00015529330572242302,2.467444658279419,5.203838348388672,112,6.252786066916548,10.499983566066211,3.1415076984909454,-1.9678383637798206e-05,1.523191213607788,2.043684244155884,111,25.54555166591819,3.499829477021747,4.580637074935723e-05,3.144712944729513e-05,1.7758288383483887,1.843441367149353,110,nan,nan,nan,nan,nan,nan,nan,nan,nan,nan,nan,nan,nan,nan,nan,nan,nan,nan,nan,nan,nan,nan,nan,nan,nan,nan,nan,nan,nan,nan,nan,nan,nan,nan,nan,nan,nan,nan,nan,nan,nan,nan,nan,nan,nan,nan,nan,nan,nan,nan,nan,nan,nan,nan,nan,nan,nan,nan,nan,nan,nan,nan,nan,nan,nan,nan,nan,nan,nan,nan,nan,nan,nan,nan,nan,nan,nan,nan,nan,nan,nan,nan,nan,nan,26.231746776352967,0.008733427120120112,5.04498445108581e-06,0,1.5107464790344238,48.9999885559082,nan,nan,nan,nan,nan,nan,nan,nan,nan,nan,nan,nan,51.00146645311968,-0.00861890217495559,False,0.20459008,0.0027066697,1.6542065,4.8310496e-05,3.1053374,-0.0006424062,4.6218395,-0.0016979554,-22.452480477757014,10.500102436336311,3.1415343306219947,-3.2848474708749084e-05,1.6197669506072998,1.6562436819076538,121,37.558278176888706,13.999800347884115,-3.1415833322659035,-4.464002583440827e-05,2.560655355453491,5.91519021987915,119,-22.454425661160457,14.000103151455107,-3.141583865158196,-5.2709551674098805e-05,1.5012825727462769,3.633375883102417,118,-33.27978777617186,0.00015748284515023988,0.0,4.427803349913541e-05,1.300939917564392,4.717525005340576,116,7.550036969413499,13.999955157564575,-3.1415833325259777,0.00015523364147093083,2.467444658279419,5.203838348388672,115,37.55743990740311,10.499790480354337,-3.1415833325259777,0.00015529330572242302,2.467444658279419,5.203838348388672,112,7.552786066916548,10.499983566066211,3.1415076984909454,-1.9678383637798206e-05,1.523191213607788,2.043684244155884,111,26.84555166591819,3.499829477021747,4.580637074935723e-05,3.144712944729513e-05,1.7758288383483887,1.843441367149353,110,nan,nan,nan,nan,nan,nan,nan,nan,nan,nan,nan,nan,nan,nan,nan,nan,nan,nan,nan,nan,nan,nan,nan,nan,nan,nan,nan,nan,nan,nan,nan,nan,nan,nan,nan,nan,nan,nan,nan,nan,nan,nan,nan,nan,nan,nan,nan,nan,nan,nan,nan,nan,nan,nan,nan,nan,nan,nan,nan,nan,nan,nan,nan,nan,nan,nan,nan,nan,nan,nan,nan,nan,nan,nan,nan,nan,nan,nan,nan,nan,nan,nan,nan,nan,27.531746776352968,0.008733427120120112,5.04498445108581e-06,0,1.5107464790344238,48.9999885559082,nan,nan,nan,nan,nan,nan,nan,nan,nan,nan,nan,nan
5,-1.3,-0.0,0,4.267789316637266e-05,1.5107464790344238,4.901683330535889,2.128324270248413,109,-23.752455731979314,10.500150033800708,3.141532199833048,-3.4173406749277095e-05,1.6197669506072998,1.6562436819076538,121,36.257179535507156,13.999722041306416,-3.1415812017370315,0.06963652703809253,2.560655355453491,5.91519021987915,119,-23.754388418392754,14.000150563085281,-3.141580136212521,-5.2889456623517956e-05,1.5012825727462769,3.633375883102417,118,-34.5797811571476,0.00022888014412172247,2.663161091653876e-07,4.401808336865292e-05,1.300939917564392,4.717525005340576,116,6.250113006433506,13.99993823591767,-3.1415806691048136,8.858115821600216e-05,2.467444658279419,5.203838348388672,115,36.25751484911192,10.49970935012865,-3.1415806691048136,8.867282133394653e-05,2.467444658279419,5.203838348388672,112,6.252814438697997,10.499966790086805,3.1415050355899297,-2.5054736781926933e-05,1.523191213607788,2.043684244155884,111,25.545564200340973,3.4997716880912897,5.1132692929556356e-05,3.2878360856325865e-05,1.7758288383483887,1.843441367149353,110,nan,nan,nan,nan,nan,nan,nan,nan,nan,nan,nan,nan,nan,nan,nan,nan,nan,nan,nan,nan,nan,nan,nan,nan,nan,nan,nan,nan,nan,nan,nan,nan,nan,nan,nan,nan,nan,nan,nan,nan,nan,nan,nan,nan,nan,nan,nan,nan,nan,nan,nan,nan,nan,nan,nan,nan,nan,nan,nan,nan,nan,nan,nan,nan,nan,nan,nan,nan,nan,nan,nan,nan,nan,nan,nan,nan,nan,nan,nan,nan,nan,nan,nan,nan,26.231749523037283,0.008674284771454235,7.175513323076643e-06,0,1.5107464790344238,48.9999885559082,nan,nan,nan,nan,nan,nan,nan,nan,nan,nan,nan,nan,51.001466471366754,-0.008510242078143881,False,0.2043556,0.0027046655,1.6535139,3.7529506e-05,3.1049244,-0.0006440006,4.622019,-0.0016958059,-22.452455731979313,10.500150033800708,3.141532199833048,-3.4173406749277095e-05,1.6197669506072998,1.6562436819076538,121,37.55717953550715,13.999722041306416,-3.1415812017370315,0.06963652703809253,2.560655355453491,5.91519021987915,119,-22.454388418392753,14.000150563085281,-3.141580136212521,-5.2889456623517956e-05,1.5012825727462769,3.633375883102417,118,-33.2797811571476,0.00022888014412172247,2.663161091653876e-07,4.401808336865292e-05,1.300939917564392,4.717525005340576,116,7.550113006433506,13.99993823591767,-3.1415806691048136,8.858115821600216e-05,2.467444658279419,5.203838348388672,115,37.55751484911192,10.49970935012865,-3.1415806691048136,8.867282133394653e-05,2.467444658279419,5.203838348388672,112,7.552814438697997,10.499966790086805,3.1415050355899297,-2.5054736781926933e-05,1.523191213607788,2.043684244155884,111,26.845564200340974,3.4997716880912897,5.1132692929556356e-05,3.2878360856325865e-05,1.7758288383483887,1.843441367149353,110,nan,nan,nan,nan,nan,nan,nan,nan,nan,nan,nan,nan,nan,nan,nan,nan,nan,nan,nan,nan,nan,nan,nan,nan,nan,nan,nan,nan,nan,nan,nan,nan,nan,nan,nan,nan,nan,nan,nan,nan,nan,nan,nan,nan,nan,nan,nan,nan,nan,nan,nan,nan,nan,nan,nan,nan,nan,nan,nan,nan,nan,nan,nan,nan,nan,nan,nan,nan,nan,nan,nan,nan,nan,nan,nan,nan,nan,nan,nan,nan,nan,nan,nan,nan,27.531749523037284,0.008674284771454235,7.175513323076643e-06,0,1.5107464790344238,48.9999885559082,nan,nan,nan,nan,nan,nan,nan,nan,nan,nan,nan,nan
6,-1.3,-0.0,0,4.290231763272129e-05,1.5107464790344238,4.901683330535889,2.128324270248413,109,-23.752454708997636,10.500150033790106,3.1415332650974843,-3.332776780681457e-05,1.6197669506072998,1.6562436819076538,121,36.234637516517346,13.999778784998188,-3.141582267261542,0.31753945998159333,2.560655355453491,5.91519021987915,119,-23.75438403342442,14.000150563039837,-3.141580136212521,-5.2596037029172964e-05,1.5012825727462769,3.633375883102417,118,-34.55972067714684,0.00022447926386050214,-4.261057743981667e-06,0.39627203121036636,1.300939917564392,4.717525005340576,116,6.246981357602938,13.999946349389635,-3.1415822670014677,0.0272323018697765,2.467444658279419,5.203838348388672,115,36.25438321093741,10.499717463600506,-3.1415822670014677,0.02723415195596813,2.467444658279419,5.203838348388672,112,6.252818165654683,10.49996679004818,3.1415050355899297,-2.540615873679442e-05,1.523191213607788,2.043684244155884,111,25.545568476084707,3.499771688046977,4.926848016673091e-05,3.52387211255853e-05,1.7758288383483887,1.843441367149353,110,nan,nan,nan,nan,nan,nan,nan,nan,nan,nan,nan,nan,nan,nan,nan,nan,nan,nan,nan,nan,nan,nan,nan,nan,nan,nan,nan,nan,nan,nan,nan,nan,nan,nan,nan,nan,nan,nan,nan,nan,nan,nan,nan,nan,nan,nan,nan,nan,nan,nan,nan,nan,nan,nan,nan,nan,nan,nan,nan,nan,nan,nan,nan,nan,nan,nan,nan,nan,nan,nan,nan,nan,nan,nan,nan,nan,nan,nan,nan,nan,nan,nan,nan,nan,26.231751563672606,0.008674284750305582,7.175513323076643e-06,0,1.5107464790344238,48.9999885559082,nan,nan,nan,nan,nan,nan,nan,nan,nan,nan,nan,nan,51.001466471366754,-0.008510242078143881,False,0.21750557,-0.0003346739,1.6144097,-0.00078033726,3.077309,-0.00077249866,4.617342,-0.0014251913,-22.452454708997635,10.500150033790106,3.1415332650974843,-3.332776780681457e-05,1.6197669506072998,1.6562436819076538,121,37.53463751651734,13.999778784998188,-3.141582267261542,0.31753945998159333,2.560655355453491,5.91519021987915,119,-22.454384033424418,14.000150563039837,-3.141580136212521,-5.2596037029172964e-05,1.5012825727462769,3.633375883102417,118,-33.259720677146845,0.00022447926386050214,-4.261057743981667e-06,0.39627203121036636,1.300939917564392,4.717525005340576,116,7.546981357602938,13.999946349389635,-3.1415822670014677,0.0272323018697765,2.467444658279419,5.203838348388672,115,37.55438321093741,10.499717463600506,-3.1415822670014677,0.02723415195596813,2.467444658279419,5.203838348388672,112,7.552818165654683,10.49996679004818,3.1415050355899297,-2.540615873679442e-05,1.523191213607788,2.043684244155884,111,26.845568476084708,3.499771688046977,4.926848016673091e-05,3.52387211255853e-05,1.7758288383483887,1.843441367149353,110,nan,nan,nan,nan,nan,nan,nan,nan,nan,nan,nan,nan,nan,nan,nan,nan,nan,nan,nan,nan,nan,nan,nan,nan,nan,nan,nan,nan,nan,nan,nan,nan,nan,nan,nan,nan,nan,nan,nan,nan,nan,nan,nan,nan,nan,nan,nan,nan,nan,nan,nan,nan,nan,nan,nan,nan,nan,nan,nan,nan,nan,nan,nan,nan,nan,nan,nan,nan,nan,nan,nan,nan,nan,nan,nan,nan,nan,nan,nan,nan,nan,nan,nan,nan,27.531751563672607,0.008674284750305582,7.175513323076643e-06,0,1.5107464790344238,48.9999885559082,nan,nan,nan,nan,nan,nan,nan,nan,nan,nan,nan,nan
7,-1.3,-0.0,0,4.277884417771874e-05,1.5107464790344238,4.901683330535889,2.128324270248413,109,-23.7524543600117,10.500150033786488,3.1415332650974843,-3.408287901698652e-05,1.6197669506072998,1.6562436819076538,121,36.188607159546805,13.999756950004244,-3.1414922524166973,0.5468353021843865,2.560655355453491,5.91519021987915,119,-23.75438216595005,14.000150563020483,-3.141580136212521,-5.241778613018558e-05,1.5012825727462769,3.633375883102417,118,-34.49439323844239,0.00021362846296537884,-0.0001334243706132554,0.8479384085621112,1.300939917564392,4.717525005340576,116,6.243579758471442,13.999955131154762,-3.141582267261542,0.031656859994023276,2.467444658279419,5.203838348388672,115,36.25097401231303,10.49972626445855,-3.141582267261542,0.031659267658105984,2.467444658279419,5.203838348388672,112,6.2528193617973225,10.499966790035785,3.1415076990110937,-2.5122943838582266e-05,1.523191213607788,2.043684244155884,111,25.545570271630673,3.4997716880283685,4.926848016673091e-05,3.728415866436377e-05,1.7758288383483887,1.843441367149353,110,nan,nan,nan,nan,nan,nan,nan,nan,nan,nan,nan,nan,nan,nan,nan,nan,nan,nan,nan,nan,nan,nan,nan,nan,nan,nan,nan,nan,nan,nan,nan,nan,nan,nan,nan,nan,nan,nan,nan,nan,nan,nan,nan,nan,nan,nan,nan,nan,nan,nan,nan,nan,nan,nan,nan,nan,nan,nan,nan,nan,nan,nan,nan,nan,nan,nan,nan,nan,nan,nan,nan,nan,nan,nan,nan,nan,nan,nan,nan,nan,nan,nan,nan,nan,26.231752157747906,0.00867428474414873,7.175513323076643e-06,0,1.5107464790344238,48.9999885559082,nan,nan,nan,nan,nan,nan,nan,nan,nan,nan,nan,nan,51.001466471366754,-0.008510242078143881,False,0.22933543,-0.0018633561,1.6335273,-0.0011227641,3.126037,-0.0008517859,4.695116,-0.0014430336,-22.4524543600117,10.500150033786488,3.1415332650974843,-3.408287901698652e-05,1.6197669506072998,1.6562436819076538,121,37.4886071595468,13.999756950004244,-3.1414922524166973,0.5468353021843865,2.560655355453491,5.91519021987915,119,-22.45438216595005,14.000150563020483,-3.141580136212521,-5.241778613018558e-05,1.5012825727462769,3.633375883102417,118,-33.194393238442395,0.00021362846296537884,-0.0001334243706132554,0.8479384085621112,1.300939917564392,4.717525005340576,116,7.5435797584714415,13.999955131154762,-3.141582267261542,0.031656859994023276,2.467444658279419,5.203838348388672,115,37.55097401231303,10.49972626445855,-3.141582267261542,0.031659267658105984,2.467444658279419,5.203838348388672,112,7.552819361797322,10.499966790035785,3.1415076990110937,-2.5122943838582266e-05,1.523191213607788,2.043684244155884,111,26.845570271630674,3.4997716880283685,4.926848016673091e-05,3.728415866436377e-05,1.7758288383483887,1.843441367149353,110,nan,nan,nan,nan,nan,nan,nan,nan,nan,nan,nan,nan,nan,nan,nan,nan,nan,nan,nan,nan,nan,nan,nan,nan,nan,nan,nan,nan,nan,nan,nan,nan,nan,nan,nan,nan,nan,nan,nan,nan,nan,nan,nan,nan,nan,nan,nan,nan,nan,nan,nan,nan,nan,nan,nan,nan,nan,nan,nan,nan,nan,nan,nan,nan,nan,nan,nan,nan,nan,nan,nan,nan,nan,nan,nan,nan,nan,nan,nan,nan,nan,nan,nan,nan,27.531752157747906,0.00867428474414873,7.175513323076643e-06,0,1.5107464790344238,48.9999885559082,nan,nan,nan,nan,nan,nan,nan,nan,nan,nan,nan,nan
8,-1.3,-0.0,0,0.16040115254442078,1.5107464790344238,4.901683330535889,2.128324270248413,109,-23.754061721239886,10.500250608673994,3.141539656944175,-3.380517151964358e-05,1.6197669506072998,1.6562436819076538,121,36.11678330332532,13.999593525544164,-3.1414682837068124,0.8011270274278429,2.560655355453491,5.91519021987915,119,-23.755974017065988,14.000251183699486,-3.141575875154777,-5.2234436823981055e-05,1.5012825727462769,3.633375883102417,118,-34.39395159431608,0.000378968930076998,3.43547780619069e-05,1.201876899418088,1.300939917564392,4.717525005340576,116,6.230576443779135,13.999864315317776,-3.1414815992521885,0.2605315270095645,2.467444658279419,5.203838348388672,115,36.2378414309105,10.499598503977698,-3.1415780059437237,0.28977617843892417,2.467444658279419,5.203838348388672,112,6.251213608849601,10.499938628000223,3.1415119600688377,-2.524396450822713e-05,1.523191213607788,2.043684244155884,111,25.543933544631454,3.4996606752058956,5.1132692929556356e-05,3.9239885912580066e-05,1.7758288383483887,1.843441367149353,110,nan,nan,nan,nan,nan,nan,nan,nan,nan,nan,nan,nan,nan,nan,nan,nan,nan,nan,nan,nan,nan,nan,nan,nan,nan,nan,nan,nan,nan,nan,nan,nan,nan,nan,nan,nan,nan,nan,nan,nan,nan,nan,nan,nan,nan,nan,nan,nan,nan,nan,nan,nan,nan,nan,nan,nan,nan,nan,nan,nan,nan,nan,nan,nan,nan,nan,nan,nan,nan,nan,nan,nan,nan,nan,nan,nan,nan,nan,nan,nan,nan,nan,nan,nan,26.230026771269223,0.008560269738818321,1.143657106705831e-05,0,1.5107464790344238,48.9999885559082,nan,nan,nan,nan,nan,nan,nan,nan,nan,nan,nan,nan,50.99981856312566,-0.008297053014442224,False,0.3551687,-0.0028962172,1.9420033,-0.0014382236,3.5936148,-0.00037132972,5.2718277,-0.0010757555,-22.454061721239885,10.500250608673994,3.141539656944175,-3.380517151964358e-05,1.6197669506072998,1.6562436819076538,121,37.41678330332532,13.999593525544164,-3.1414682837068124,0.8011270274278429,2.560655355453491,5.91519021987915,119,-22.455974017065987,14.000251183699486,-3.141575875154777,-5.2234436823981055e-05,1.5012825727462769,3.633375883102417,118,-33.09395159431608,0.000378968930076998,3.43547780619069e-05,1.201876899418088,1.300939917564392,4.717525005340576,116,7.530576443779135,13.999864315317776,-3.1414815992521885,0.2605315270095645,2.467444658279419,5.203838348388672,115,37.5378414309105,10.499598503977698,-3.1415780059437237,0.28977617843892417,2.467444658279419,5.203838348388672,112,7.551213608849601,10.499938628000223,3.1415119600688377,-2.524396450822713e-05,1.523191213607788,2.043684244155884,111,26.843933544631454,3.4996606752058956,5.1132692929556356e-05,3.9239885912580066e-05,1.7758288383483887,1.843441367149353,110,nan,nan,nan,nan,nan,nan,nan,nan,nan,nan,nan,nan,nan,nan,nan,nan,nan,nan,nan,nan,nan,nan,nan,nan,nan,nan,nan,nan,nan,nan,nan,nan,nan,nan,nan,nan,nan,nan,nan,nan,nan,nan,nan,nan,nan,nan,nan,nan,nan,nan,nan,nan,nan,nan,nan,nan,nan,nan,nan,nan,nan,nan,nan,nan,nan,nan,nan,nan,nan,nan,nan,nan,nan,nan,nan,nan,nan,nan,nan,nan,nan,nan,nan,nan,27.530026771269224,0.008560269738818321,1.143657106705831e-05,0,1.5107464790344238,48.9999885559082,nan,nan,nan,nan,nan,nan,nan,nan,nan,nan,nan,nan
9,-1.3,-0.0,0,0.8414294322836071,1.5107464790344238,4.901683330535889,2.128324270248413,109,-23.80976050624554,10.50068769033819,3.1415590980201324,-3.325190794991939e-05,1.6197669506072998,1.6562436819076538,121,35.96756613528096,13.99892766831918,-3.1415718809332907,1.030472802297626,2.560655355453491,5.91519021987915,119,-23.81738758995382,14.000702867357042,-3.141558032235548,0.2687635930504773,1.5012825727462769,3.633375883102417,118,-34.31362953935611,0.0011354249879834165,0.00018269285077909814,1.5529111277604961,1.300939917564392,4.717525005340576,116,6.129121516094522,13.99901431854407,-3.1406829175013478,0.5780275596406377,2.467444658279419,5.203838348388672,115,36.13589028828395,10.498353243984377,-3.140990246291143,0.579406758411047,2.467444658279419,5.203838348388672,112,6.195518881986673,10.49979634019775,3.1415345966780293,-2.5494131103463355e-05,1.523191213607788,2.043684244155884,111,25.48807587911427,3.4991458877152555,7.057376888708333e-05,3.936843039582485e-05,1.7758288383483887,1.843441367149353,110,nan,nan,nan,nan,nan,nan,nan,nan,nan,nan,nan,nan,nan,nan,nan,nan,nan,nan,nan,nan,nan,nan,nan,nan,nan,nan,nan,nan,nan,nan,nan,nan,nan,nan,nan,nan,nan,nan,nan,nan,nan,nan,nan,nan,nan,nan,nan,nan,nan,nan,nan,nan,nan,nan,nan,nan,nan,nan,nan,nan,nan,nan,nan,nan,nan,nan,nan,nan,nan,nan,nan,nan,nan,nan,nan,nan,nan,nan,nan,nan,nan,nan,nan,nan,26.1729781300744,0.008030140374574926,3.0877647024585286e-05,0,1.5107464790344238,48.9999885559082,nan,nan,nan,nan,nan,nan,nan,nan,nan,nan,nan,nan,50.943986636842425,-0.007309279587652762,False,0.59382176,0.00070419407,2.4974577,-0.00080704386,4.3489122,-0.0024450086,6.1596193,-0.005050644,-22.509760506245538,10.50068769033819,3.1415590980201324,-3.325190794991939e-05,1.6197669506072998,1.6562436819076538,121,37.26756613528096,13.99892766831918,-3.1415718809332907,1.030472802297626,2.560655355453491,5.91519021987915,119,-22.51738758995382,14.000702867357042,-3.141558032235548,0.2687635930504773,1.5012825727462769,3.633375883102417,118,-33.01362953935611,0.0011354249879834165,0.00018269285077909814,1.5529111277604961,1.300939917564392,4.717525005340576,116,7.429121516094522,13.99901431854407,-3.1406829175013478,0.5780275596406377,2.467444658279419,5.203838348388672,115,37.43589028828395,10.498353243984377,-3.140990246291143,0.579406758411047,2.467444658279419,5.203838348388672,112,7.495518881986673,10.49979634019775,3.1415345966780293,-2.5494131103463355e-05,1.523191213607788,2.043684244155884,111,26.78807587911427,3.4991458877152555,7.057376888708333e-05,3.936843039582485e-05,1.7758288383483887,1.843441367149353,110,nan,nan,nan,nan,nan,nan,nan,nan,nan,nan,nan,nan,nan,nan,nan,nan,nan,nan,nan,nan,nan,nan,nan,nan,nan,nan,nan,nan,nan,nan,nan,nan,nan,nan,nan,nan,nan,nan,nan,nan,nan,nan,nan,nan,nan,nan,nan,nan,nan,nan,nan,nan,nan,nan,nan,nan,nan,nan,nan,nan,nan,nan,nan,nan,nan,nan,nan,nan,nan,nan,nan,nan,nan,nan,nan,nan,nan,nan,nan,nan,nan,nan,nan,nan,27.472978130074402,0.008030140374574926,3.0877647024585286e-05,0,1.5107464790344238,48.9999885559082,nan,nan,nan,nan,nan,nan,nan,nan,nan,nan,nan,nan
10,-1.3,-0.0,0,1.1819246197579112,1.5107464790344238,4.901683330535889,2.128324270248413,109,-23.918081209319457,10.496037561411383,3.141361758043432,-3.310736136362754e-05,1.6197669506072998,1.6562436819076538,121,35.74069222198382,14.006174135599188,3.141387323869748,1.270823723246196,2.560655355453491,5.91519021987915,119,-23.98930018327978,13.996014590866627,3.1414166183816645,0.851103846738167,1.5012825727462769,3.633375883102417,118,-34.248646262111755,-0.005594544731304336,1.917475984836159e-05,1.8972229448598097,1.300939917564392,4.717525005340576,116,5.945458951529712,13.999970155725709,-3.1404887730578808,0.824877676714322,2.467444658279419,5.203838348388672,115,35.95408968080821,10.505057012880657,-3.1404978279356244,0.816913595168747,2.467444658279419,5.203838348388672,112,6.0871908311238,10.501125549673294,3.1413351259123825,-2.5442767735187067e-05,1.523191213607788,2.043684244155884,111,25.381125636256137,3.504319477146411,-0.00013235910617659385,3.9784310707933764e-05,1.7758288383483887,1.843441367149353,110,nan,nan,nan,nan,nan,nan,nan,nan,nan,nan,nan,nan,nan,nan,nan,nan,nan,nan,nan,nan,nan,nan,nan,nan,nan,nan,nan,nan,nan,nan,nan,nan,nan,nan,nan,nan,nan,nan,nan,nan,nan,nan,nan,nan,nan,nan,nan,nan,nan,nan,nan,nan,nan,nan,nan,nan,nan,nan,nan,nan,nan,nan,nan,nan,nan,nan,nan,nan,nan,nan,nan,nan,nan,nan,nan,nan,nan,nan,nan,nan,nan,nan,nan,nan,26.06626407565869,0.013342523286335235,-0.0001685931186221623,0,1.5107464790344238,48.9999885559082,nan,nan,nan,nan,nan,nan,nan,nan,nan,nan,nan,nan,50.837797581107516,-0.0173062027728121,False,0.69913876,0.0001913464,2.6927028,-0.0013009186,4.640402,-0.003582379,6.5667343,-0.0051396987,-22.618081209319456,10.496037561411383,3.141361758043432,-3.310736136362754e-05,1.6197669506072998,1.6562436819076538,121,37.04069222198382,14.006174135599188,3.141387323869748,1.270823723246196,2.560655355453491,5.91519021987915,119,-22.68930018327978,13.996014590866627,3.1414166183816645,0.851103846738167,1.5012825727462769,3.633375883102417,118,-32.94864626211176,-0.005594544731304336,1.917475984836159e-05,1.8972229448598097,1.300939917564392,4.717525005340576,116,7.245458951529712,13.999970155725709,-3.1404887730578808,0.824877676714322,2.467444658279419,5.203838348388672,115,37.25408968080821,10.505057012880657,-3.1404978279356244,0.816913595168747,2.467444658279419,5.203838348388672,112,7.3871908311237995,10.501125549673294,3.1413351259123825,-2.5442767735187067e-05,1.523191213607788,2.043684244155884,111,26.681125636256137,3.504319477146411,-0.00013235910617659385,3.9784310707933764e-05,1.7758288383483887,1.843441367149353,110,nan,nan,nan,nan,nan,nan,nan,nan,nan,nan,nan,nan,nan,nan,nan,nan,nan,nan,nan,nan,nan,nan,nan,nan,nan,nan,nan,nan,nan,nan,nan,nan,nan,nan,nan,nan,nan,nan,nan,nan,nan,nan,nan,nan,nan,nan,nan,nan,nan,nan,nan,nan,nan,nan,nan,nan,nan,nan,nan,nan,nan,nan,nan,nan,nan,nan,nan,nan,nan,nan,nan,nan,nan,nan,nan,nan,nan,nan,nan,nan,nan,nan,nan,nan,27.36626407565869,0.013342523286335235,-0.0001685931186221623,0,1.5107464790344238,48.9999885559082,nan,nan,nan,nan,nan,nan,nan,nan,nan,nan,nan,nan
11,-1.3,-0.0,0,1.4330369975143251,1.5107464790344238,4.901683330535889,2.128324270248413,109,-24.051311451611525,10.49704428066171,3.1414078307302904,-3.344716908632593e-05,1.6197669506072998,1.6562436819076538,121,35.46481098678721,14.004424191938051,3.141284791907706,1.5262502411873775,2.560655355453491,5.91519021987915,119,-24.22811744810378,13.997061809590512,3.1414541692131093,1.1983979953626593,1.5012825727462769,3.633375883102417,118,-34.176866249487105,-0.004096449713215481,3.3555829734854825e-05,2.23400502670999,1.300939917564392,4.717525005340576,116,5.71630543331392,13.999724261705222,-3.1405364436413934,1.0203036173476634,2.467444658279419,5.203838348388672,115,35.725128347173936,10.502834772193747,-3.1398221840320897,1.0259959069417095,2.467444658279419,5.203838348388672,112,5.953962728444885,10.500751920011142,3.141381198599241,0.0,1.523191213607788,2.043684244155884,111,25.24757913188625,3.503058397106607,-8.628641931807124e-05,3.953934232786323e-05,1.7758288383483887,1.843441367149353,110,nan,nan,nan,nan,nan,nan,nan,nan,nan,nan,nan,nan,nan,nan,nan,nan,nan,nan,nan,nan,nan,nan,nan,nan,nan,nan,nan,nan,nan,nan,nan,nan,nan,nan,nan,nan,nan,nan,nan,nan,nan,nan,nan,nan,nan,nan,nan,nan,nan,nan,nan,nan,nan,nan,nan,nan,nan,nan,nan,nan,nan,nan,nan,nan,nan,nan,nan,nan,nan,nan,nan,nan,nan,nan,nan,nan,nan,nan,nan,nan,nan,nan,nan,nan,25.93264077266579,0.012051992540893834,-0.0001225204317636397,0,1.5107464790344238,48.9999885559082,nan,nan,nan,nan,nan,nan,nan,nan,nan,nan,nan,nan,50.70411561710404,-0.014930228844638835,False,0.7006526,2.6379363e-05,2.69185,-0.001394185,4.6390114,-0.0036761558,6.567321,-0.0053190454,-22.751311451611524,10.49704428066171,3.1414078307302904,-3.344716908632593e-05,1.6197669506072998,1.6562436819076538,121,36.764810986787204,14.004424191938051,3.141284791907706,1.5262502411873775,2.560655355453491,5.91519021987915,119,-22.92811744810378,13.997061809590512,3.1414541692131093,1.1983979953626593,1.5012825727462769,3.633375883102417,118,-32.87686624948711,-0.004096449713215481,3.3555829734854825e-05,2.23400502670999,1.300939917564392,4.717525005340576,116,7.01630543331392,13.999724261705222,-3.1405364436413934,1.0203036173476634,2.467444658279419,5.203838348388672,115,37.02512834717393,10.502834772193747,-3.1398221840320897,1.0259959069417095,2.467444658279419,5.203838348388672,112,7.253962728444884,10.500751920011142,3.141381198599241,0.0,1.523191213607788,2.043684244155884,111,26.547579131886252,3.503058397106607,-8.628641931807124e-05,3.953934232786323e-05,1.7758288383483887,1.843441367149353,110,nan,nan,nan,nan,nan,nan,nan,nan,nan,nan,nan,nan,nan,nan,nan,nan,nan,nan,nan,nan,nan,nan,nan,nan,nan,nan,nan,nan,nan,nan,nan,nan,nan,nan,nan,nan,nan,nan,nan,nan,nan,nan,nan,nan,nan,nan,nan,nan,nan,nan,nan,nan,nan,nan,nan,nan,nan,nan,nan,nan,nan,nan,nan,nan,nan,nan,nan,nan,nan,nan,nan,nan,nan,nan,nan,nan,nan,nan,nan,nan,nan,nan,nan,nan,27.23264077266579,0.012051992540893834,-0.0001225204317636397,0,1.5107464790344238,48.9999885559082,nan,nan,nan,nan,nan,nan,nan,nan,nan,nan,nan,nan
12,-1.3,-0.0,0,1.702840774361492,1.5107464790344238,4.901683330535889,2.128324270248413,109,-24.209924043631645,10.499168759389336,3.141499443471789,-3.342049523013576e-05,1.6197669506072998,1.6562436819076538,121,35.13963963343443,14.001176179258351,3.1412001041652644,1.7708085820215562,2.560655355453491,5.91519021987915,119,-24.52015827583914,13.999150451865566,3.1415388585159967,1.4441964436143042,1.5012825727462769,3.633375883102417,118,-34.09732407870691,-0.0010542026606847525,7.962851659337744e-05,2.564268597724515,1.300939917564392,4.717525005340576,116,5.4446936751870405,13.998777509140577,-3.1397870305007562,1.1968381372598915,2.467444658279419,5.203838348388672,115,35.45293432114955,10.498974042152664,-3.1391638506756405,1.197730244428842,2.467444658279419,5.203838348388672,112,5.795352514548696,10.500129884039907,3.1414728113407397,-2.571626512028762e-05,1.523191213607788,2.043684244155884,111,25.0883332459661,3.5006704459997073,5.326322180199128e-06,3.924011107736162e-05,1.7758288383483887,1.843441367149353,110,nan,nan,nan,nan,nan,nan,nan,nan,nan,nan,nan,nan,nan,nan,nan,nan,nan,nan,nan,nan,nan,nan,nan,nan,nan,nan,nan,nan,nan,nan,nan,nan,nan,nan,nan,nan,nan,nan,nan,nan,nan,nan,nan,nan,nan,nan,nan,nan,nan,nan,nan,nan,nan,nan,nan,nan,nan,nan,nan,nan,nan,nan,nan,nan,nan,nan,nan,nan,nan,nan,nan,nan,nan,nan,nan,nan,nan,nan,nan,nan,nan,nan,nan,nan,25.77320693516063,0.009600110763722448,-3.0907690264925236e-05,0,1.5107464790344238,48.9999885559082,nan,nan,nan,nan,nan,nan,nan,nan,nan,nan,nan,nan,50.54457812266032,-0.010327314623524972,False,0.700799,-2.0685955e-05,2.687227,-0.0013140019,4.629402,-0.0037030114,6.5528975,-0.0056401542,-22.909924043631644,10.499168759389336,3.141499443471789,-3.342049523013576e-05,1.6197669506072998,1.6562436819076538,121,36.439639633434425,14.001176179258351,3.1412001041652644,1.7708085820215562,2.560655355453491,5.91519021987915,119,-23.22015827583914,13.999150451865566,3.1415388585159967,1.4441964436143042,1.5012825727462769,3.633375883102417,118,-32.797324078706914,-0.0010542026606847525,7.962851659337744e-05,2.564268597724515,1.300939917564392,4.717525005340576,116,6.74469367518704,13.998777509140577,-3.1397870305007562,1.1968381372598915,2.467444658279419,5.203838348388672,115,36.752934321149546,10.498974042152664,-3.1391638506756405,1.197730244428842,2.467444658279419,5.203838348388672,112,7.095352514548696,10.500129884039907,3.1414728113407397,-2.571626512028762e-05,1.523191213607788,2.043684244155884,111,26.388333245966102,3.5006704459997073,5.326322180199128e-06,3.924011107736162e-05,1.7758288383483887,1.843441367149353,110,nan,nan,nan,nan,nan,nan,nan,nan,nan,nan,nan,nan,nan,nan,nan,nan,nan,nan,nan,nan,nan,nan,nan,nan,nan,nan,nan,nan,nan,nan,nan,nan,nan,nan,nan,nan,nan,nan,nan,nan,nan,nan,nan,nan,nan,nan,nan,nan,nan,nan,nan,nan,nan,nan,nan,nan,nan,nan,nan,nan,nan,nan,nan,nan,nan,nan,nan,nan,nan,nan,nan,nan,nan,nan,nan,nan,nan,nan,nan,nan,nan,nan,nan,nan,27.07320693516063,0.009600110763722448,-3.0907690264925236e-05,0,1.5107464790344238,48.9999885559082,nan,nan,nan,nan,nan,nan,nan,nan,nan,nan,nan,nan
13,-1.3,-0.0,0,1.9812284431242775,1.5107464790344238,4.901683330535889,2.128324270248413,109,-24.395268714745303,10.50034581432862,3.1415529727496248,-3.365412049805506e-05,1.6197669506072998,1.6562436819076538,121,34.76352859977072,13.999436029459511,3.1413303324824944,2.0098352171565574,2.560655355453491,5.91519021987915,119,-24.860628421859,14.000336827234664,3.141583332786052,1.641923833332746,1.5012825727462769,3.633375883102417,118,-34.01098989048879,0.0006987342941960112,6.498113059771882e-05,2.887422667807195,1.300939917564392,4.717525005340576,116,5.127849116648801,13.998107390204162,-3.1391476053848644,1.4131763110707216,2.467444658279419,5.203838348388672,115,35.13712007513184,10.496577873691894,-3.1384811150003884,1.3932224625206926,2.467444658279419,5.203838348388672,112,5.61000885803536,10.499797763398563,3.141523145085342,-2.605065563032478e-05,1.523191213607788,2.043684244155884,111,24.902640195397023,3.499367835948605,5.566006678225932e-05,3.9526801887932765e-05,1.7758288383483887,1.843441367149353,110,nan,nan,nan,nan,nan,nan,nan,nan,nan,nan,nan,nan,nan,nan,nan,nan,nan,nan,nan,nan,nan,nan,nan,nan,nan,nan,nan,nan,nan,nan,nan,nan,nan,nan,nan,nan,nan,nan,nan,nan,nan,nan,nan,nan,nan,nan,nan,nan,nan,nan,nan,nan,nan,nan,nan,nan,nan,nan,nan,nan,nan,nan,nan,nan,nan,nan,nan,nan,nan,nan,nan,nan,nan,nan,nan,nan,nan,nan,nan,nan,nan,nan,nan,nan,26.587197164046,0.008247859642244174,1.9426410589051812e-05,0,1.5107464790344238,48.999996185302734,nan,nan,nan,nan,nan,nan,nan,nan,nan,nan,nan,nan,50.35874889065041,-0.0078080402045197506,False,0.7005007,-0.0013491506,2.6814687,-0.0018600214,4.6437683,-0.0031366553,6.6052265,-0.004251422,-23.095268714745302,10.50034581432862,3.1415529727496248,-3.365412049805506e-05,1.6197669506072998,1.6562436819076538,121,36.06352859977072,13.999436029459511,3.1413303324824944,2.0098352171565574,2.560655355453491,5.91519021987915,119,-23.560628421859,14.000336827234664,3.141583332786052,1.641923833332746,1.5012825727462769,3.633375883102417,118,-32.71098989048879,0.0006987342941960112,6.498113059771882e-05,2.887422667807195,1.300939917564392,4.717525005340576,116,6.427849116648801,13.998107390204162,-3.1391476053848644,1.4131763110707216,2.467444658279419,5.203838348388672,115,36.43712007513184,10.496577873691894,-3.1384811150003884,1.3932224625206926,2.467444658279419,5.203838348388672,112,6.91000885803536,10.499797763398563,3.141523145085342,-2.605065563032478e-05,1.523191213607788,2.043684244155884,111,26.202640195397024,3.499367835948605,5.566006678225932e-05,3.9526801887932765e-05,1.7758288383483887,1.843441367149353,110,nan,nan,nan,nan,nan,nan,nan,nan,nan,nan,nan,nan,nan,nan,nan,nan,nan,nan,nan,nan,nan,nan,nan,nan,nan,nan,nan,nan,nan,nan,nan,nan,nan,nan,nan,nan,nan,nan,nan,nan,nan,nan,nan,nan,nan,nan,nan,nan,nan,nan,nan,nan,nan,nan,nan,nan,nan,nan,nan,nan,nan,nan,nan,nan,nan,nan,nan,nan,nan,nan,nan,nan,nan,nan,nan,nan,nan,nan,nan,nan,nan,nan,nan,nan,27.887197164046,0.008247859642244174,1.9426410589051812e-05,0,1.5107464790344238,48.999996185302734,nan,nan,nan,nan,nan,nan,nan,nan,nan,nan,nan,nan
14,-1.3,-0.0,0,2.320319270493215,1.5107464790344238,4.901683330535889,2.128324270248413,109,-24.61205712994304,10.501216079682681,3.141591055953213,-3.336708676308429e-05,1.6197669506072998,1.6562436819076538,121,34.330038604056234,13.998038519403554,3.1414083628423595,2.2806677226572893,2.560655355453491,5.91519021987915,119,-25.250929995245723,14.001255949368336,-3.1415276724591954,1.8149823637227895,1.5012825727462769,3.633375883102417,118,-33.92468067434799,0.0019243818728867273,8.468852266441118e-05,3.1728967424682177,1.300939917564392,4.717525005340576,116,4.755193288688537,13.997883418564,-3.139066378977712,1.7146709405943088,2.467444658279419,5.203838348388672,115,34.76752195327243,10.494957051473683,-3.138199816009505,1.6559544067873968,2.467444658279419,5.203838348388672,112,5.39321941715046,10.499523603828111,3.1415612282889303,-2.5673538100268807e-05,1.523191213607788,2.043684244155884,111,24.685581469411847,3.4983579252356845,9.374327037070529e-05,3.954090450485822e-05,1.7758288383483887,1.843441367149353,110,nan,nan,nan,nan,nan,nan,nan,nan,nan,nan,nan,nan,nan,nan,nan,nan,nan,nan,nan,nan,nan,nan,nan,nan,nan,nan,nan,nan,nan,nan,nan,nan,nan,nan,nan,nan,nan,nan,nan,nan,nan,nan,nan,nan,nan,nan,nan,nan,nan,nan,nan,nan,nan,nan,nan,nan,nan,nan,nan,nan,nan,nan,nan,nan,nan,nan,nan,nan,nan,nan,nan,nan,nan,nan,nan,nan,nan,nan,nan,nan,nan,nan,nan,nan,26.36994515178864,0.007170895038178638,5.750961417749778e-05,0,1.5107464790344238,48.999996185302734,nan,nan,nan,nan,nan,nan,nan,nan,nan,nan,nan,nan,50.14161584938378,-0.0058799628397517845,False,0.6884142,-0.0006604487,2.663787,-0.0011279273,4.6244946,-0.0025827084,6.586438,-0.0041135377,-23.31205712994304,10.501216079682681,3.141591055953213,-3.336708676308429e-05,1.6197669506072998,1.6562436819076538,121,35.63003860405623,13.998038519403554,3.1414083628423595,2.2806677226572893,2.560655355453491,5.91519021987915,119,-23.950929995245723,14.001255949368336,-3.1415276724591954,1.8149823637227895,1.5012825727462769,3.633375883102417,118,-32.62468067434799,0.0019243818728867273,8.468852266441118e-05,3.1728967424682177,1.300939917564392,4.717525005340576,116,6.055193288688537,13.997883418564,-3.139066378977712,1.7146709405943088,2.467444658279419,5.203838348388672,115,36.067521953272426,10.494957051473683,-3.138199816009505,1.6559544067873968,2.467444658279419,5.203838348388672,112,6.69321941715046,10.499523603828111,3.1415612282889303,-2.5673538100268807e-05,1.523191213607788,2.043684244155884,111,25.985581469411848,3.4983579252356845,9.374327037070529e-05,3.954090450485822e-05,1.7758288383483887,1.843441367149353,110,nan,nan,nan,nan,nan,nan,nan,nan,nan,nan,nan,nan,nan,nan,nan,nan,nan,nan,nan,nan,nan,nan,nan,nan,nan,nan,nan,nan,nan,nan,nan,nan,nan,nan,nan,nan,nan,nan,nan,nan,nan,nan,nan,nan,nan,nan,nan,nan,nan,nan,nan,nan,nan,nan,nan,nan,nan,nan,nan,nan,nan,nan,nan,nan,nan,nan,nan,nan,nan,nan,nan,nan,nan,nan,nan,nan,nan,nan,nan,nan,nan,nan,nan,nan,27.669945151788642,0.007170895038178638,5.750961417749778e-05,0,1.5107464790344238,48.999996185302734,nan,nan,nan,nan,nan,nan,nan,nan,nan,nan,nan,nan
15,-1.3,-0.0,0,2.7065885334472517,1.5107464790344238,4.901683330535889,2.128324270248413,109,-24.86542723313506,10.501777954908212,-3.1415686848799083,-3.240223875755474e-05,1.6197669506072998,1.6562436819076538,121,33.831713329069174,13.997042294003823,3.141432332072393,2.572860519209974,2.560655355453491,5.91519021987915,119,-25.694416320885573,14.001805646328167,-3.141554303549947,1.9748046017584915,1.5012825727462769,3.633375883102417,118,-33.84450699152845,0.002641362445960129,0.00011611382352727517,3.481899368870345,1.300939917564392,4.717525005340576,116,4.310581450026922,13.997533474276274,-3.138849213179631,2.07810337056856,2.467444658279419,5.203838348388672,115,34.32903689518561,10.494130850892438,-3.138359047425371,1.9922073579954584,2.467444658279419,5.203838348388672,112,5.139845898915249,10.499320240228911,-3.1415899904287032,-2.57919985856194e-05,1.523191213607788,2.043684244155884,111,24.435596777487156,3.497653377055023,0.00010599381138520769,0.26154798588388845,1.7758288383483887,1.843441367149353,110,nan,nan,nan,nan,nan,nan,nan,nan,nan,nan,nan,nan,nan,nan,nan,nan,nan,nan,nan,nan,nan,nan,nan,nan,nan,nan,nan,nan,nan,nan,nan,nan,nan,nan,nan,nan,nan,nan,nan,nan,nan,nan,nan,nan,nan,nan,nan,nan,nan,nan,nan,nan,nan,nan,nan,nan,nan,nan,nan,nan,nan,nan,nan,nan,nan,nan,nan,nan,nan,nan,nan,nan,nan,nan,nan,nan,nan,nan,nan,nan,nan,nan,nan,nan,26.11615686295144,0.006435632801957143,8.307596064227596e-05,0,1.5107464790344238,48.999996185302734,nan,nan,nan,nan,nan,nan,nan,nan,nan,nan,nan,nan,49.88804449912453,-0.0045652056893429604,False,0.7176101,-0.0014859581,2.7013633,-0.0020444866,4.6633787,-0.0023947898,6.6258593,-0.0019101774,-23.565427233135058,10.501777954908212,-3.1415686848799083,-3.240223875755474e-05,1.6197669506072998,1.6562436819076538,121,35.13171332906917,13.997042294003823,3.141432332072393,2.572860519209974,2.560655355453491,5.91519021987915,119,-24.394416320885572,14.001805646328167,-3.141554303549947,1.9748046017584915,1.5012825727462769,3.633375883102417,118,-32.54450699152845,0.002641362445960129,0.00011611382352727517,3.481899368870345,1.300939917564392,4.717525005340576,116,5.610581450026922,13.997533474276274,-3.138849213179631,2.07810337056856,2.467444658279419,5.203838348388672,115,35.62903689518561,10.494130850892438,-3.138359047425371,1.9922073579954584,2.467444658279419,5.203838348388672,112,6.439845898915249,10.499320240228911,-3.1415899904287032,-2.57919985856194e-05,1.523191213607788,2.043684244155884,111,25.735596777487157,3.497653377055023,0.00010599381138520769,0.26154798588388845,1.7758288383483887,1.843441367149353,110,nan,nan,nan,nan,nan,nan,nan,nan,nan,nan,nan,nan,nan,nan,nan,nan,nan,nan,nan,nan,nan,nan,nan,nan,nan,nan,nan,nan,nan,nan,nan,nan,nan,nan,nan,nan,nan,nan,nan,nan,nan,nan,nan,nan,nan,nan,nan,nan,nan,nan,nan,nan,nan,nan,nan,nan,nan,nan,nan,nan,nan,nan,nan,nan,nan,nan,nan,nan,nan,nan,nan,nan,nan,nan,nan,nan,nan,nan,nan,nan,nan,nan,nan,nan,27.41615686295144,0.006435632801957143,8.307596064227596e-05,0,1.5107464790344238,48.999996185302734,nan,nan,nan,nan,nan,nan,nan,nan,nan,nan,nan,nan
16,-1.3,-0.0,0,3.1334253736052338,1.5107464790344238,4.901683330535889,2.128324270248413,109,-25.159320189064726,10.503000391306289,-3.1415140900775618,-3.386562895532457e-05,1.6197669506072998,1.6562436819076538,121,33.26254707921593,13.995007221831358,3.141486393722373,2.8874580138620702,2.560655355453491,5.91519021987915,119,-26.194027876573397,14.003020337729012,-3.1415082319033862,2.129191665169995,1.5012825727462769,3.633375883102417,118,-33.77384173416248,0.0043081939666513025,0.00017070862587376112,3.7958178528640367,1.300939917564392,4.717525005340576,116,3.7942332027571632,13.997398333370642,-3.1390618516140183,2.3261688044580064,2.467444658279419,5.203838348388672,115,33.82082557446453,10.49233488277297,-3.1385988214540648,2.2684725313934098,2.467444658279419,5.203838348388672,112,4.845948539497449,10.498874152477384,-3.1415353956263568,-2.5645036251072157e-05,1.523191213607788,2.043684244155884,111,24.232490900549628,3.4962036014620543,0.0001592570331863108,1.3538204644210814,1.7758288383483887,1.843441367149353,110,nan,nan,nan,nan,nan,nan,nan,nan,nan,nan,nan,nan,nan,nan,nan,nan,nan,nan,nan,nan,nan,nan,nan,nan,nan,nan,nan,nan,nan,nan,nan,nan,nan,nan,nan,nan,nan,nan,nan,nan,nan,nan,nan,nan,nan,nan,nan,nan,nan,nan,nan,nan,nan,nan,nan,nan,nan,nan,nan,nan,nan,nan,nan,nan,nan,nan,nan,nan,nan,nan,nan,nan,nan,nan,nan,nan,nan,nan,nan,nan,nan,nan,nan,nan,25.821506507320635,0.004870815964083647,0.0001376707629887619,0,1.5107464790344238,48.999996185302734,nan,nan,nan,nan,nan,nan,nan,nan,nan,nan,nan,nan,49.59365566737596,-0.0017774893261147395,False,0.71580505,-0.0012392396,2.7008493,-0.0017333727,4.6626186,-0.0021072607,6.6235466,-0.0017226649,-23.859320189064725,10.503000391306289,-3.1415140900775618,-3.386562895532457e-05,1.6197669506072998,1.6562436819076538,121,34.562547079215925,13.995007221831358,3.141486393722373,2.8874580138620702,2.560655355453491,5.91519021987915,119,-24.894027876573396,14.003020337729012,-3.1415082319033862,2.129191665169995,1.5012825727462769,3.633375883102417,118,-32.473841734162484,0.0043081939666513025,0.00017070862587376112,3.7958178528640367,1.300939917564392,4.717525005340576,116,5.094233202757163,13.997398333370642,-3.1390618516140183,2.3261688044580064,2.467444658279419,5.203838348388672,115,35.120825574464526,10.49233488277297,-3.1385988214540648,2.2684725313934098,2.467444658279419,5.203838348388672,112,6.145948539497449,10.498874152477384,-3.1415353956263568,-2.5645036251072157e-05,1.523191213607788,2.043684244155884,111,25.53249090054963,3.4962036014620543,0.0001592570331863108,1.3538204644210814,1.7758288383483887,1.843441367149353,110,nan,nan,nan,nan,nan,nan,nan,nan,nan,nan,nan,nan,nan,nan,nan,nan,nan,nan,nan,nan,nan,nan,nan,nan,nan,nan,nan,nan,nan,nan,nan,nan,nan,nan,nan,nan,nan,nan,nan,nan,nan,nan,nan,nan,nan,nan,nan,nan,nan,nan,nan,nan,nan,nan,nan,nan,nan,nan,nan,nan,nan,nan,nan,nan,nan,nan,nan,nan,nan,nan,nan,nan,nan,nan,nan,nan,nan,nan,nan,nan,nan,nan,nan,nan,27.121506507320635,0.004870815964083647,0.0001376707629887619,0,1.5107464790344238,48.999996185302734,nan,nan,nan,nan,nan,nan,nan,nan,nan,nan,nan,nan
17,-1.3,-0.0,0,3.595319698577505,1.5107464790344238,4.901683330535889,2.128324270248413,109,-25.497542089608952,10.50433612217572,-3.141456832114125,-3.341825155072033e-05,1.6197669506072998,1.6562436819076538,121,32.615630776164835,13.993039356459809,-3.1415782725199066,3.230088611231791,2.560655355453491,5.91519021987915,119,-26.753357165975952,14.004446117716627,-3.1414536363208168,2.2825676170963507,1.5012825727462769,3.633375883102417,118,-33.71627736046583,0.006049437160531518,0.00022796658931056868,4.105436748905167,1.300939917564392,4.717525005340576,116,3.2113615913501796,13.997347788450147,-3.1392655834292817,2.550206491359572,2.467444658279419,5.203838348388672,115,33.24185220742331,10.490533200271189,-3.138745195949372,2.5157654900039925,2.467444658279419,5.203838348388672,112,4.50772035262383,10.498486158011486,-3.14147813766292,-2.5746501103118243e-05,1.523191213607788,2.043684244155884,111,24.040232653331024,3.494705107732923,0.00021651499662311835,1.5138053371734976,1.7758288383483887,1.843441367149353,110,nan,nan,nan,nan,nan,nan,nan,nan,nan,nan,nan,nan,nan,nan,nan,nan,nan,nan,nan,nan,nan,nan,nan,nan,nan,nan,nan,nan,nan,nan,nan,nan,nan,nan,nan,nan,nan,nan,nan,nan,nan,nan,nan,nan,nan,nan,nan,nan,nan,nan,nan,nan,nan,nan,nan,nan,nan,nan,nan,nan,nan,nan,nan,nan,nan,nan,nan,nan,nan,nan,nan,nan,nan,nan,nan,nan,nan,nan,nan,nan,nan,nan,nan,nan,26.482279943825798,0.003076121658589083,0.00019524054547570557,0,1.5107464790344238,49.000003814697266,nan,nan,nan,nan,nan,nan,nan,nan,nan,nan,nan,nan,49.25491688076198,0.0010968709509709407,False,0.69030297,-0.00010608451,2.6610625,-0.00026475522,4.621998,-0.0011444112,6.588422,-0.00081471493,-24.19754208960895,10.50433612217572,-3.141456832114125,-3.341825155072033e-05,1.6197669506072998,1.6562436819076538,121,33.91563077616483,13.993039356459809,-3.1415782725199066,3.230088611231791,2.560655355453491,5.91519021987915,119,-25.45335716597595,14.004446117716627,-3.1414536363208168,2.2825676170963507,1.5012825727462769,3.633375883102417,118,-32.416277360465834,0.006049437160531518,0.00022796658931056868,4.105436748905167,1.300939917564392,4.717525005340576,116,4.5113615913501794,13.997347788450147,-3.1392655834292817,2.550206491359572,2.467444658279419,5.203838348388672,115,34.541852207423304,10.490533200271189,-3.138745195949372,2.5157654900039925,2.467444658279419,5.203838348388672,112,5.8077203526238295,10.498486158011486,-3.14147813766292,-2.5746501103118243e-05,1.523191213607788,2.043684244155884,111,25.340232653331025,3.494705107732923,0.00021651499662311835,1.5138053371734976,1.7758288383483887,1.843441367149353,110,nan,nan,nan,nan,nan,nan,nan,nan,nan,nan,nan,nan,nan,nan,nan,nan,nan,nan,nan,nan,nan,nan,nan,nan,nan,nan,nan,nan,nan,nan,nan,nan,nan,nan,nan,nan,nan,nan,nan,nan,nan,nan,nan,nan,nan,nan,nan,nan,nan,nan,nan,nan,nan,nan,nan,nan,nan,nan,nan,nan,nan,nan,nan,nan,nan,nan,nan,nan,nan,nan,nan,nan,nan,nan,nan,nan,nan,nan,nan,nan,nan,nan,nan,nan,27.7822799438258,0.003076121658589083,0.00019524054547570557,0,1.5107464790344238,49.000003814697266,nan,nan,nan,nan,nan,nan,nan,nan,nan,nan,nan,nan
18,-1.3,-0.0,0,4.051877845778687,1.5107464790344238,4.901683330535889,2.128324270248413,109,-25.88258924470739,10.504672551986616,-3.1414435163086747,-3.319480127106535e-05,1.6197669506072998,1.6562436819076538,121,31.889376573412616,13.992636774450055,-3.1415665548711846,3.5421562359287035,2.560655355453491,5.91519021987915,119,-27.37509671441118,14.004859186858749,-3.141446712362057,2.4372189935471416,1.5012825727462769,3.633375883102417,118,-33.67398455530932,0.006359996511670633,0.00024128239476084445,4.416111146770307,1.300939917564392,4.717525005340576,116,2.559715169154776,13.9975101269108,-3.139493549953574,2.7744748512895634,2.467444658279419,5.203838348388672,115,32.59264807159533,10.490417366368007,-3.1390072568035445,2.756430714227684,2.467444658279419,5.203838348388672,112,4.12266932758673,10.49842941547877,-3.1414648218574697,-2.5671644438529255e-05,1.523191213607788,2.043684244155884,111,23.813846557387997,3.4943446711340505,0.00012516857123356928,1.6282625788814618,1.7758288383483887,1.843441367149353,110,nan,nan,nan,nan,nan,nan,nan,nan,nan,nan,nan,nan,nan,nan,nan,nan,nan,nan,nan,nan,nan,nan,nan,nan,nan,nan,nan,nan,nan,nan,nan,nan,nan,nan,nan,nan,nan,nan,nan,nan,nan,nan,nan,nan,nan,nan,nan,nan,nan,nan,nan,nan,nan,nan,nan,nan,nan,nan,nan,nan,nan,nan,nan,nan,nan,nan,nan,nan,nan,nan,nan,nan,nan,nan,nan,nan,nan,nan,nan,nan,nan,nan,nan,nan,26.096958530695684,0.0027369677297504175,0.00020855635092598135,0,1.5107464790344238,49.000003814697266,nan,nan,nan,nan,nan,nan,nan,nan,nan,nan,nan,nan,48.86982944561138,0.001733941728032956,False,0.6850902,0.00032355695,2.6567833,0.00010058028,4.61728,-0.0011133348,6.581336,-0.0010821573,-24.58258924470739,10.504672551986616,-3.1414435163086747,-3.319480127106535e-05,1.6197669506072998,1.6562436819076538,121,33.189376573412616,13.992636774450055,-3.1415665548711846,3.5421562359287035,2.560655355453491,5.91519021987915,119,-26.075096714411178,14.004859186858749,-3.141446712362057,2.4372189935471416,1.5012825727462769,3.633375883102417,118,-32.37398455530932,0.006359996511670633,0.00024128239476084445,4.416111146770307,1.300939917564392,4.717525005340576,116,3.859715169154776,13.9975101269108,-3.139493549953574,2.7744748512895634,2.467444658279419,5.203838348388672,115,33.892648071595325,10.490417366368007,-3.1390072568035445,2.756430714227684,2.467444658279419,5.203838348388672,112,5.42266932758673,10.49842941547877,-3.1414648218574697,-2.5671644438529255e-05,1.523191213607788,2.043684244155884,111,25.113846557387998,3.4943446711340505,0.00012516857123356928,1.6282625788814618,1.7758288383483887,1.843441367149353,110,nan,nan,nan,nan,nan,nan,nan,nan,nan,nan,nan,nan,nan,nan,nan,nan,nan,nan,nan,nan,nan,nan,nan,nan,nan,nan,nan,nan,nan,nan,nan,nan,nan,nan,nan,nan,nan,nan,nan,nan,nan,nan,nan,nan,nan,nan,nan,nan,nan,nan,nan,nan,nan,nan,nan,nan,nan,nan,nan,nan,nan,nan,nan,nan,nan,nan,nan,nan,nan,nan,nan,nan,nan,nan,nan,nan,nan,nan,nan,nan,nan,nan,nan,nan,27.396958530695684,0.0027369677297504175,0.00020855635092598135,0,1.5107464790344238,49.000003814697266,nan,nan,nan,nan,nan,nan,nan,nan,nan,nan,nan,nan
19,-1.3,-0.0,0,4.472060882637688,1.5107464790344238,4.901683330535889,2.128324270248413,109,-26.34591455034711,10.504478913938359,-3.1414517721080535,0.9286283618183021,1.6197669506072998,1.6562436819076538,121,31.089367456548818,13.9928635891662,-3.1415290037796657,3.842112770048142,2.560655355453491,5.91519021987915,119,-28.055991941671554,14.00472243996554,-3.1414054333651604,2.594369885670732,1.5012825727462769,3.633375883102417,118,-33.643374767785595,0.0060459489479441015,0.00023409185981781988,4.736024495177411,1.300939917564392,4.717525005340576,116,1.8416995398855949,13.997733296327187,-3.139765991333089,3.00890629559525,2.467444658279419,5.203838348388672,115,31.876463820090844,10.49089634866517,-3.1393569298546717,2.9894606898997864,2.467444658279419,5.203838348388672,112,3.6496894265798048,10.49846109114504,-3.1414789366112466,1.1608273904154383,1.523191213607788,2.043684244155884,111,23.55508424494021,3.4944435695887384,0.0001496696532625741,1.7265243452761063,1.7758288383483887,1.843441367149353,110,nan,nan,nan,nan,nan,nan,nan,nan,nan,nan,nan,nan,nan,nan,nan,nan,nan,nan,nan,nan,nan,nan,nan,nan,nan,nan,nan,nan,nan,nan,nan,nan,nan,nan,nan,nan,nan,nan,nan,nan,nan,nan,nan,nan,nan,nan,nan,nan,nan,nan,nan,nan,nan,nan,nan,nan,nan,nan,nan,nan,nan,nan,nan,nan,nan,nan,nan,nan,nan,nan,nan,nan,nan,nan,nan,nan,nan,nan,nan,nan,nan,nan,nan,nan,26.668265050421343,0.002720106930949317,0.00020105409379089778,0,1.5107464790344238,48.999996185302734,nan,nan,nan,nan,nan,nan,nan,nan,nan,nan,nan,nan,48.44146023123826,0.001402393284497011,False,0.69711363,-2.5990768e-05,2.6709354,-0.00041222083,4.632867,-0.00091282476,6.5991488,-0.00013233861,-25.04591455034711,10.504478913938359,-3.1414517721080535,0.9286283618183021,1.6197669506072998,1.6562436819076538,121,32.38936745654882,13.9928635891662,-3.1415290037796657,3.842112770048142,2.560655355453491,5.91519021987915,119,-26.755991941671553,14.00472243996554,-3.1414054333651604,2.594369885670732,1.5012825727462769,3.633375883102417,118,-32.3433747677856,0.0060459489479441015,0.00023409185981781988,4.736024495177411,1.300939917564392,4.717525005340576,116,3.141699539885595,13.997733296327187,-3.139765991333089,3.00890629559525,2.467444658279419,5.203838348388672,115,33.176463820090845,10.49089634866517,-3.1393569298546717,2.9894606898997864,2.467444658279419,5.203838348388672,112,4.949689426579805,10.49846109114504,-3.1414789366112466,1.1608273904154383,1.523191213607788,2.043684244155884,111,24.855084244940212,3.4944435695887384,0.0001496696532625741,1.7265243452761063,1.7758288383483887,1.843441367149353,110,nan,nan,nan,nan,nan,nan,nan,nan,nan,nan,nan,nan,nan,nan,nan,nan,nan,nan,nan,nan,nan,nan,nan,nan,nan,nan,nan,nan,nan,nan,nan,nan,nan,nan,nan,nan,nan,nan,nan,nan,nan,nan,nan,nan,nan,nan,nan,nan,nan,nan,nan,nan,nan,nan,nan,nan,nan,nan,nan,nan,nan,nan,nan,nan,nan,nan,nan,nan,nan,nan,nan,nan,nan,nan,nan,nan,nan,nan,nan,nan,nan,nan,nan,nan,27.968265050421344,0.002720106930949317,0.00020105409379089778,0,1.5107464790344238,48.999996185302734,nan,nan,nan,nan,nan,nan,nan,nan,nan,nan,nan,nan
20,-1.3,-0.0,0,4.882576508080737,1.5107464790344238,4.901683330535889,2.128324270248413,109,-26.945801757979712,10.504717203127917,-3.141440053939183,1.4488774716910924,1.6197669506072998,1.6562436819076538,121,30.218500109213885,13.992508129200871,-3.1415162206064338,4.142390699062539,2.560655355453491,5.91519021987915,119,-28.793910097220614,14.00512553381499,-3.14133991934227,2.7547074831854403,1.5012825727462769,3.633375883102417,118,-33.62127578224388,0.006241912313692763,0.0002460760847231569,5.0719857392612155,1.300939917564392,4.717525005340576,116,1.0587015198020253,13.997954774958355,-3.140006741030614,3.251658604788144,2.467444658279419,5.203838348388672,115,31.09581070723952,10.490806225200988,-3.139657867122869,3.2241444129830827,2.467444658279419,5.203838348388672,112,2.972741254970483,10.498389601324346,-3.1414688165991045,2.8630059964986145,1.523191213607788,2.043684244155884,111,23.259281487512787,3.4940687763079095,0.00027510454060486467,1.7639162405840596,1.7758288383483887,1.843441367149353,110,nan,nan,nan,nan,nan,nan,nan,nan,nan,nan,nan,nan,nan,nan,nan,nan,nan,nan,nan,nan,nan,nan,nan,nan,nan,nan,nan,nan,nan,nan,nan,nan,nan,nan,nan,nan,nan,nan,nan,nan,nan,nan,nan,nan,nan,nan,nan,nan,nan,nan,nan,nan,nan,nan,nan,nan,nan,nan,nan,nan,nan,nan,nan,nan,nan,nan,nan,nan,nan,nan,nan,nan,nan,nan,nan,nan,nan,nan,nan,nan,nan,nan,nan,nan,26.19846814660211,0.0023646038906024115,0.0002127720025870694,0,1.5107464790344238,48.999996185302734,nan,nan,nan,nan,nan,nan,nan,nan,nan,nan,nan,nan,47.97174711775793,0.0019949624036823266,False,0.6963587,0.00041752367,2.669668,-0.00015044096,4.630396,-0.000994159,6.5946236,-0.00065815216,-25.64580175797971,10.504717203127917,-3.141440053939183,1.4488774716910924,1.6197669506072998,1.6562436819076538,121,31.518500109213885,13.992508129200871,-3.1415162206064338,4.142390699062539,2.560655355453491,5.91519021987915,119,-27.493910097220613,14.00512553381499,-3.14133991934227,2.7547074831854403,1.5012825727462769,3.633375883102417,118,-32.32127578224388,0.006241912313692763,0.0002460760847231569,5.0719857392612155,1.300939917564392,4.717525005340576,116,2.3587015198020254,13.997954774958355,-3.140006741030614,3.251658604788144,2.467444658279419,5.203838348388672,115,32.39581070723952,10.490806225200988,-3.139657867122869,3.2241444129830827,2.467444658279419,5.203838348388672,112,4.272741254970483,10.498389601324346,-3.1414688165991045,2.8630059964986145,1.523191213607788,2.043684244155884,111,24.559281487512788,3.4940687763079095,0.00027510454060486467,1.7639162405840596,1.7758288383483887,1.843441367149353,110,nan,nan,nan,nan,nan,nan,nan,nan,nan,nan,nan,nan,nan,nan,nan,nan,nan,nan,nan,nan,nan,nan,nan,nan,nan,nan,nan,nan,nan,nan,nan,nan,nan,nan,nan,nan,nan,nan,nan,nan,nan,nan,nan,nan,nan,nan,nan,nan,nan,nan,nan,nan,nan,nan,nan,nan,nan,nan,nan,nan,nan,nan,nan,nan,nan,nan,nan,nan,nan,nan,nan,nan,nan,nan,nan,nan,nan,nan,nan,nan,nan,nan,nan,nan,27.49846814660211,0.0023646038906024115,0.0002127720025870694,0,1.5107464790344238,48.999996185302734,nan,nan,nan,nan,nan,nan,nan,nan,nan,nan,nan,nan
21,-1.3,-0.0,0,5.210373852699857,1.5107464790344238,4.901683330535889,2.128324270248413,109,-27.608311759121396,10.504859397800459,-3.1413212777347885,1.5739176339261343,1.6197669506072998,1.6562436819076538,121,29.277347949148933,13.992421748903324,-3.141522612453124,4.449471755729355,2.560655355453491,5.91519021987915,119,-29.588121065781888,14.00531054278786,-3.1413436477677963,2.918660216544649,1.5012825727462769,3.633375883102417,118,-33.61216306352447,0.006294499793604643,0.0002492718780313652,5.244331823033237,1.300939917564392,4.717525005340576,116,0.21035085810434206,13.998293802669542,-3.1402251202400002,3.5031009730988867,2.467444658279419,5.203838348388672,115,30.25142863146761,10.491080091180802,-3.1399311072556557,3.46066992932548,2.467444658279419,5.203838348388672,112,2.086156752462153,10.4984443419558,-3.1414645555413605,4.5040663859782,1.523191213607788,2.043684244155884,111,22.94266275459894,3.494006137616222,0.00011451592687317103,2.022759616525201,1.7758288383483887,1.843441367149353,110,nan,nan,nan,nan,nan,nan,nan,nan,nan,nan,nan,nan,nan,nan,nan,nan,nan,nan,nan,nan,nan,nan,nan,nan,nan,nan,nan,nan,nan,nan,nan,nan,nan,nan,nan,nan,nan,nan,nan,nan,nan,nan,nan,nan,nan,nan,nan,nan,nan,nan,nan,nan,nan,nan,nan,nan,nan,nan,nan,nan,nan,nan,nan,nan,nan,nan,nan,nan,nan,nan,nan,nan,nan,nan,nan,nan,nan,nan,nan,nan,nan,nan,nan,nan,26.688545365397548,0.002074282646376379,0.00021627912959809592,0,1.5107464790344238,48.999996185302734,nan,nan,nan,nan,nan,nan,nan,nan,nan,nan,nan,nan,47.46207123018866,0.0021243870329235304,False,0.67626023,0.0020120968,2.6404393,0.0018726486,4.5960093,0.0005174072,6.5535297,0.0006718546,-26.308311759121395,10.504859397800459,-3.1413212777347885,1.5739176339261343,1.6197669506072998,1.6562436819076538,121,30.577347949148933,13.992421748903324,-3.141522612453124,4.449471755729355,2.560655355453491,5.91519021987915,119,-28.288121065781887,14.00531054278786,-3.1413436477677963,2.918660216544649,1.5012825727462769,3.633375883102417,118,-32.31216306352447,0.006294499793604643,0.0002492718780313652,5.244331823033237,1.300939917564392,4.717525005340576,116,1.510350858104342,13.998293802669542,-3.1402251202400002,3.5031009730988867,2.467444658279419,5.203838348388672,115,31.551428631467612,10.491080091180802,-3.1399311072556557,3.46066992932548,2.467444658279419,5.203838348388672,112,3.3861567524621528,10.4984443419558,-3.1414645555413605,4.5040663859782,1.523191213607788,2.043684244155884,111,24.24266275459894,3.494006137616222,0.00011451592687317103,2.022759616525201,1.7758288383483887,1.843441367149353,110,nan,nan,nan,nan,nan,nan,nan,nan,nan,nan,nan,nan,nan,nan,nan,nan,nan,nan,nan,nan,nan,nan,nan,nan,nan,nan,nan,nan,nan,nan,nan,nan,nan,nan,nan,nan,nan,nan,nan,nan,nan,nan,nan,nan,nan,nan,nan,nan,nan,nan,nan,nan,nan,nan,nan,nan,nan,nan,nan,nan,nan,nan,nan,nan,nan,nan,nan,nan,nan,nan,nan,nan,nan,nan,nan,nan,nan,nan,nan,nan,nan,nan,nan,nan,27.98854536539755,0.002074282646376379,0.00021627912959809592,0,1.5107464790344238,48.999996185302734,nan,nan,nan,nan,nan,nan,nan,nan,nan,nan,nan,nan
22,-1.3,-0.0,0,5.106079081026241,1.5107464790344238,4.901683330535889,2.128324270248413,109,-28.291428291823312,10.503149808482302,-3.1414216783877356,1.7072035668453422,1.6197669506072998,1.6562436819076538,121,28.297143145749487,13.994636078728936,-3.1415340643058856,4.76640482758747,2.560655355453491,5.91519021987915,119,-30.406977940696915,14.003440539313903,-3.141426472077698,3.086668902309044,1.5012825727462769,3.633375883102417,118,-33.59796693746675,0.004084372449993741,0.00018002968968922062,5.442013230606116,1.300939917564392,4.717525005340576,116,-0.6700740842894801,13.998677147019352,-3.140495431090643,3.732483353618178,2.467444658279419,5.203838348388672,115,29.375020221307008,10.49357636716635,-3.1402589423858442,3.708532174573914,2.467444658279419,5.203838348388672,112,1.0387070269875076,10.498773506523849,-3.141530868252503,5.904273751800854,1.523191213607788,2.043684244155884,111,22.63541912238179,3.4958071857057833,8.282430990158574e-05,2.156101777264065,1.7758288383483887,1.843441367149353,110,nan,nan,nan,nan,nan,nan,nan,nan,nan,nan,nan,nan,nan,nan,nan,nan,nan,nan,nan,nan,nan,nan,nan,nan,nan,nan,nan,nan,nan,nan,nan,nan,nan,nan,nan,nan,nan,nan,nan,nan,nan,nan,nan,nan,nan,nan,nan,nan,nan,nan,nan,nan,nan,nan,nan,nan,nan,nan,nan,nan,nan,nan,nan,nan,nan,nan,nan,nan,nan,nan,nan,nan,nan,nan,nan,nan,nan,nan,nan,nan,nan,nan,nan,nan,26.17252957172173,0.004086461035538687,0.00014730325736511674,0,1.5107464790344238,48.999996185302734,nan,nan,nan,nan,nan,nan,nan,nan,nan,nan,nan,nan,46.94537652524579,-0.0012176605108590033,False,0.6620418,0.003055938,2.606331,0.0020902054,4.5072393,-0.00017530704,6.3769693,-0.001503704,-26.99142829182331,10.503149808482302,-3.1414216783877356,1.7072035668453422,1.6197669506072998,1.6562436819076538,121,29.597143145749488,13.994636078728936,-3.1415340643058856,4.76640482758747,2.560655355453491,5.91519021987915,119,-29.106977940696915,14.003440539313903,-3.141426472077698,3.086668902309044,1.5012825727462769,3.633375883102417,118,-32.297966937466754,0.004084372449993741,0.00018002968968922062,5.442013230606116,1.300939917564392,4.717525005340576,116,0.6299259157105199,13.998677147019352,-3.140495431090643,3.732483353618178,2.467444658279419,5.203838348388672,115,30.67502022130701,10.49357636716635,-3.1402589423858442,3.708532174573914,2.467444658279419,5.203838348388672,112,2.3387070269875077,10.498773506523849,-3.141530868252503,5.904273751800854,1.523191213607788,2.043684244155884,111,23.93541912238179,3.4958071857057833,8.282430990158574e-05,2.156101777264065,1.7758288383483887,1.843441367149353,110,nan,nan,nan,nan,nan,nan,nan,nan,nan,nan,nan,nan,nan,nan,nan,nan,nan,nan,nan,nan,nan,nan,nan,nan,nan,nan,nan,nan,nan,nan,nan,nan,nan,nan,nan,nan,nan,nan,nan,nan,nan,nan,nan,nan,nan,nan,nan,nan,nan,nan,nan,nan,nan,nan,nan,nan,nan,nan,nan,nan,nan,nan,nan,nan,nan,nan,nan,nan,nan,nan,nan,nan,nan,nan,nan,nan,nan,nan,nan,nan,nan,nan,nan,nan,27.47252957172173,0.004086461035538687,0.00014730325736511674,0,1.5107464790344238,48.999996185302734,nan,nan,nan,nan,nan,nan,nan,nan,nan,nan,nan,nan
23,-1.3,-0.0,0,5.164776221021998,1.5107464790344238,4.901683330535889,2.128324270248413,109,-28.987197470250912,10.500023831790928,-3.141544183277731,1.8438249970869738,1.6197669506072998,1.6562436819076538,121,27.285178983321515,13.998302052211322,3.1415361945746834,5.081480798582374,2.560655355453491,5.91519021987915,119,-31.242562888768973,14.000012618534612,-3.141556966971112,3.2591105821624775,1.5012825727462769,3.633375883102417,118,-33.55255104776209,0.00020408408075779432,5.858954398130223e-05,5.819942234036533,1.300939917564392,4.717525005340576,116,-1.5725241371794305,13.998979782949473,-3.1407931725005143,3.9505845868407463,2.467444658279419,5.203838348388672,115,28.474133240985292,10.497567061721737,-3.1406088816230437,3.9436192773055003,2.467444658279419,5.203838348388672,112,-0.1340184884075215,10.499111059997698,3.1415345969381034,7.046015059139803,1.523191213607788,2.043684244155884,111,22.342157871362435,3.4988392348594166,-3.808320358800188e-05,2.2868093003727994,1.7758288383483887,1.843441367149353,110,nan,nan,nan,nan,nan,nan,nan,nan,nan,nan,nan,nan,nan,nan,nan,nan,nan,nan,nan,nan,nan,nan,nan,nan,nan,nan,nan,nan,nan,nan,nan,nan,nan,nan,nan,nan,nan,nan,nan,nan,nan,nan,nan,nan,nan,nan,nan,nan,nan,nan,nan,nan,nan,nan,nan,nan,nan,nan,nan,nan,nan,nan,nan,nan,nan,nan,nan,nan,nan,nan,nan,nan,nan,nan,nan,nan,nan,nan,nan,nan,nan,nan,nan,nan,26.657015383387513,0.0074831444162259675,2.5551292559100602e-05,0,1.5107464790344238,48.9999885559082,nan,nan,nan,nan,nan,nan,nan,nan,nan,nan,nan,nan,46.429749592322395,-0.006997877191419519,False,0.66390705,0.002172396,2.6234899,0.0013740446,4.5615473,-0.0003915301,6.4860125,-0.0017598622,-27.68719747025091,10.500023831790928,-3.141544183277731,1.8438249970869738,1.6197669506072998,1.6562436819076538,121,28.585178983321516,13.998302052211322,3.1415361945746834,5.081480798582374,2.560655355453491,5.91519021987915,119,-29.942562888768972,14.000012618534612,-3.141556966971112,3.2591105821624775,1.5012825727462769,3.633375883102417,118,-32.25255104776209,0.00020408408075779432,5.858954398130223e-05,5.819942234036533,1.300939917564392,4.717525005340576,116,-0.27252413717943047,13.998979782949473,-3.1407931725005143,3.9505845868407463,2.467444658279419,5.203838348388672,115,29.774133240985293,10.497567061721737,-3.1406088816230437,3.9436192773055003,2.467444658279419,5.203838348388672,112,1.1659815115924785,10.499111059997698,3.1415345969381034,7.046015059139803,1.523191213607788,2.043684244155884,111,23.642157871362436,3.4988392348594166,-3.808320358800188e-05,2.2868093003727994,1.7758288383483887,1.843441367149353,110,nan,nan,nan,nan,nan,nan,nan,nan,nan,nan,nan,nan,nan,nan,nan,nan,nan,nan,nan,nan,nan,nan,nan,nan,nan,nan,nan,nan,nan,nan,nan,nan,nan,nan,nan,nan,nan,nan,nan,nan,nan,nan,nan,nan,nan,nan,nan,nan,nan,nan,nan,nan,nan,nan,nan,nan,nan,nan,nan,nan,nan,nan,nan,nan,nan,nan,nan,nan,nan,nan,nan,nan,nan,nan,nan,nan,nan,nan,nan,nan,nan,nan,nan,nan,27.957015383387514,0.0074831444162259675,2.5551292559100602e-05,0,1.5107464790344238,48.9999885559082,nan,nan,nan,nan,nan,nan,nan,nan,nan,nan,nan,nan
24,-1.3,-0.0,0,5.368989264475001,1.5107464790344238,4.901683330535889,2.128324270248413,109,-29.710336530084767,10.497297033734705,3.141539124572031,1.981959102471738,1.6197669506072998,1.6562436819076538,121,26.22851003717224,14.001328097520556,3.1414906547801174,5.348234171227482,2.560655355453491,5.91519021987915,119,-32.109465156118546,13.99703625020522,3.141516753498726,3.436257687046298,1.5012825727462769,3.633375883102417,118,-33.48392175182302,-0.0029929770781966947,-4.314320965903562e-05,6.056393022561502,1.300939917564392,4.717525005340576,116,-2.510488388624159,13.999125828591664,-3.141049635043526,4.161748783692528,2.467444658279419,5.203838348388672,115,27.537365624914788,10.500806907144684,-3.1409047590802257,4.151387761363782,2.467444658279419,5.203838348388672,112,-1.423790367073175,10.499309631922696,3.1415646906584214,7.994254121315961,1.523191213607788,2.043684244155884,111,22.047947558759567,3.5013052899439105,1.3848437668162461e-05,2.419386407192634,1.7758288383483887,1.843441367149353,110,nan,nan,nan,nan,nan,nan,nan,nan,nan,nan,nan,nan,nan,nan,nan,nan,nan,nan,nan,nan,nan,nan,nan,nan,nan,nan,nan,nan,nan,nan,nan,nan,nan,nan,nan,nan,nan,nan,nan,nan,nan,nan,nan,nan,nan,nan,nan,nan,nan,nan,nan,nan,nan,nan,nan,nan,nan,nan,nan,nan,nan,nan,nan,nan,nan,nan,nan,nan,nan,nan,nan,nan,nan,nan,nan,nan,nan,nan,nan,nan,nan,nan,nan,nan,26.127138032229443,0.01037554507383453,-7.644777719129081e-05,0,1.5107464790344238,48.9999885559082,nan,nan,nan,nan,nan,nan,nan,nan,nan,nan,nan,nan,45.900015446620806,-0.011779103069899086,False,0.66205025,0.00045918731,2.6204288,-0.0002723548,4.553009,-0.0014002268,6.4706516,-0.0010089478,-28.410336530084766,10.497297033734705,3.141539124572031,1.981959102471738,1.6197669506072998,1.6562436819076538,121,27.52851003717224,14.001328097520556,3.1414906547801174,5.348234171227482,2.560655355453491,5.91519021987915,119,-30.809465156118545,13.99703625020522,3.141516753498726,3.436257687046298,1.5012825727462769,3.633375883102417,118,-32.18392175182302,-0.0029929770781966947,-4.314320965903562e-05,6.056393022561502,1.300939917564392,4.717525005340576,116,-1.210488388624159,13.999125828591664,-3.141049635043526,4.161748783692528,2.467444658279419,5.203838348388672,115,28.83736562491479,10.500806907144684,-3.1409047590802257,4.151387761363782,2.467444658279419,5.203838348388672,112,-0.12379036707317503,10.499309631922696,3.1415646906584214,7.994254121315961,1.523191213607788,2.043684244155884,111,23.347947558759568,3.5013052899439105,1.3848437668162461e-05,2.419386407192634,1.7758288383483887,1.843441367149353,110,nan,nan,nan,nan,nan,nan,nan,nan,nan,nan,nan,nan,nan,nan,nan,nan,nan,nan,nan,nan,nan,nan,nan,nan,nan,nan,nan,nan,nan,nan,nan,nan,nan,nan,nan,nan,nan,nan,nan,nan,nan,nan,nan,nan,nan,nan,nan,nan,nan,nan,nan,nan,nan,nan,nan,nan,nan,nan,nan,nan,nan,nan,nan,nan,nan,nan,nan,nan,nan,nan,nan,nan,nan,nan,nan,nan,nan,nan,nan,nan,nan,nan,nan,nan,27.427138032229443,0.01037554507383453,-7.644777719129081e-05,0,1.5107464790344238,48.9999885559082,nan,nan,nan,nan,nan,nan,nan,nan,nan,nan,nan,nan
25,-1.3,-0.0,0,5.684450843189191,1.5107464790344238,4.901683330535889,2.128324270248413,109,-30.47315200862189,10.496669098760647,3.1415202161282916,2.1220571686333662,1.6197669506072998,1.6562436819076538,121,25.117560755126775,14.002023756658767,3.1414744094974676,5.537694359419881,2.560655355453491,5.91519021987915,119,-33.01996581905304,13.99642747102557,3.1414882576750616,3.6183217621456842,1.5012825727462769,3.633375883102417,118,-33.4274975184268,-0.0034599654979338566,-0.00011238539800118019,6.435718913395027,1.300939917564392,4.717525005340576,116,-3.4942708900496315,13.999173862858619,-3.1412096906349283,4.356902062806911,2.467444658279419,5.203838348388672,115,26.554841798173722,10.50147868536613,-3.1410903812781674,4.344766455350738,2.467444658279419,5.203838348388672,112,-2.8258563192043686,10.49931395096533,3.1415367272069012,8.797315170605911,1.523191213607788,2.043684244155884,111,21.734053889050745,3.501871744601077,-0.0002021339267370692,2.4271635412297754,1.7758288383483887,1.843441367149353,110,nan,nan,nan,nan,nan,nan,nan,nan,nan,nan,nan,nan,nan,nan,nan,nan,nan,nan,nan,nan,nan,nan,nan,nan,nan,nan,nan,nan,nan,nan,nan,nan,nan,nan,nan,nan,nan,nan,nan,nan,nan,nan,nan,nan,nan,nan,nan,nan,nan,nan,nan,nan,nan,nan,nan,nan,nan,nan,nan,nan,nan,nan,nan,nan,nan,nan,nan,nan,nan,nan,nan,nan,nan,nan,nan,nan,nan,nan,nan,nan,nan,nan,nan,nan,26.57004530444917,0.010977670391279754,-9.504436954621553e-05,0,1.5107464790344238,48.999996185302734,nan,nan,nan,nan,nan,nan,nan,nan,nan,nan,nan,nan,45.34354848335231,-0.012655027867177732,False,0.6666713,-0.00011504383,2.6399744,-0.0006139863,4.604788,-0.0013627094,6.5698805,-0.0007083542,-29.17315200862189,10.496669098760647,3.1415202161282916,2.1220571686333662,1.6197669506072998,1.6562436819076538,121,26.417560755126775,14.002023756658767,3.1414744094974676,5.537694359419881,2.560655355453491,5.91519021987915,119,-31.71996581905304,13.99642747102557,3.1414882576750616,3.6183217621456842,1.5012825727462769,3.633375883102417,118,-32.1274975184268,-0.0034599654979338566,-0.00011238539800118019,6.435718913395027,1.300939917564392,4.717525005340576,116,-2.1942708900496317,13.999173862858619,-3.1412096906349283,4.356902062806911,2.467444658279419,5.203838348388672,115,27.854841798173723,10.50147868536613,-3.1410903812781674,4.344766455350738,2.467444658279419,5.203838348388672,112,-1.5258563192043686,10.49931395096533,3.1415367272069012,8.797315170605911,1.523191213607788,2.043684244155884,111,23.034053889050746,3.501871744601077,-0.0002021339267370692,2.4271635412297754,1.7758288383483887,1.843441367149353,110,nan,nan,nan,nan,nan,nan,nan,nan,nan,nan,nan,nan,nan,nan,nan,nan,nan,nan,nan,nan,nan,nan,nan,nan,nan,nan,nan,nan,nan,nan,nan,nan,nan,nan,nan,nan,nan,nan,nan,nan,nan,nan,nan,nan,nan,nan,nan,nan,nan,nan,nan,nan,nan,nan,nan,nan,nan,nan,nan,nan,nan,nan,nan,nan,nan,nan,nan,nan,nan,nan,nan,nan,nan,nan,nan,nan,nan,nan,nan,nan,nan,nan,nan,nan,27.87004530444917,0.010977670391279754,-9.504436954621553e-05,0,1.5107464790344238,48.999996185302734,nan,nan,nan,nan,nan,nan,nan,nan,nan,nan,nan,nan
26,-1.3,-0.0,0,5.717018357863951,1.5107464790344238,4.901683330535889,2.128324270248413,109,-31.266830478967556,10.497394336756795,3.1415449835264297,2.2646092352070033,1.6197669506072998,1.6562436819076538,121,23.985259185656698,14.001596844212528,3.141533797469628,5.543170048229089,2.560655355453491,5.91519021987915,119,-33.965587732966796,13.997187676070183,3.141502372688914,3.805477723892114,1.5012825727462769,3.633375883102417,118,-33.33345808077253,-0.0026016267687337265,-4.1278996896210174e-05,6.925335257435108,1.300939917564392,4.717525005340576,116,-4.513599763511967,13.999289238092622,-3.1412887865193033,4.542041569858844,2.467444658279419,5.203838348388672,115,25.5367391228885,10.501059546035503,-3.1411779994080677,4.529394305285627,2.467444658279419,5.203838348388672,112,-4.318657607179843,10.499370233633016,3.1415572335472954,9.490611958213172,1.523191213607788,2.043684244155884,111,21.41761389851983,3.5012134661188847,0.00010679275971225977,2.696863646977452,1.7758288383483887,1.843441367149353,110,nan,nan,nan,nan,nan,nan,nan,nan,nan,nan,nan,nan,nan,nan,nan,nan,nan,nan,nan,nan,nan,nan,nan,nan,nan,nan,nan,nan,nan,nan,nan,nan,nan,nan,nan,nan,nan,nan,nan,nan,nan,nan,nan,nan,nan,nan,nan,nan,nan,nan,nan,nan,nan,nan,nan,nan,nan,nan,nan,nan,nan,nan,nan,nan,nan,nan,nan,nan,nan,nan,nan,nan,nan,nan,nan,nan,nan,nan,nan,nan,nan,nan,nan,nan,25.996313028332757,0.010332894515340894,-7.027697140760125e-05,0,1.5107464790344238,48.999996185302734,nan,nan,nan,nan,nan,nan,nan,nan,nan,nan,nan,nan,44.769816744841364,-0.011580401621349226,False,0.63279307,1.7289654e-05,2.5241761,-0.0012075107,4.330373,-0.0023337137,6.072198,-0.0022001876,-29.966830478967555,10.497394336756795,3.1415449835264297,2.2646092352070033,1.6197669506072998,1.6562436819076538,121,25.2852591856567,14.001596844212528,3.141533797469628,5.543170048229089,2.560655355453491,5.91519021987915,119,-32.6655877329668,13.997187676070183,3.141502372688914,3.805477723892114,1.5012825727462769,3.633375883102417,118,-32.03345808077253,-0.0026016267687337265,-4.1278996896210174e-05,6.925335257435108,1.300939917564392,4.717525005340576,116,-3.213599763511967,13.999289238092622,-3.1412887865193033,4.542041569858844,2.467444658279419,5.203838348388672,115,26.8367391228885,10.501059546035503,-3.1411779994080677,4.529394305285627,2.467444658279419,5.203838348388672,112,-3.0186576071798434,10.499370233633016,3.1415572335472954,9.490611958213172,1.523191213607788,2.043684244155884,111,22.71761389851983,3.5012134661188847,0.00010679275971225977,2.696863646977452,1.7758288383483887,1.843441367149353,110,nan,nan,nan,nan,nan,nan,nan,nan,nan,nan,nan,nan,nan,nan,nan,nan,nan,nan,nan,nan,nan,nan,nan,nan,nan,nan,nan,nan,nan,nan,nan,nan,nan,nan,nan,nan,nan,nan,nan,nan,nan,nan,nan,nan,nan,nan,nan,nan,nan,nan,nan,nan,nan,nan,nan,nan,nan,nan,nan,nan,nan,nan,nan,nan,nan,nan,nan,nan,nan,nan,nan,nan,nan,nan,nan,nan,nan,nan,nan,nan,nan,nan,nan,nan,27.296313028332758,0.010332894515340894,-7.027697140760125e-05,0,1.5107464790344238,48.999996185302734,nan,nan,nan,nan,nan,nan,nan,nan,nan,nan,nan,nan
27,-1.3,-0.0,0,6.813541789846729,1.5107464790344238,4.901683330535889,2.128324270248413,109,-32.12340636827419,10.498943558262626,-3.1415870606914296,2.4099160871237735,1.6197669506072998,1.6562436819076538,121,22.80430238857411,14.000096814368472,-3.1414986434831644,5.620630623429966,2.560655355453491,5.91519021987915,119,-34.97864637712967,13.99887160682062,3.141544450374063,3.9978831438823046,1.5012825727462769,3.633375883102417,118,-33.242524533943694,-0.0009561293501353014,1.145159268745033e-05,7.338040351165205,1.300939917564392,4.717525005340576,116,-5.599510927938584,13.999648845616203,-3.141270676893854,4.720335966229818,2.467444658279419,5.203838348388672,115,24.45196911502002,10.499635231709147,-3.141231262239758,4.7076796033089305,2.467444658279419,5.203838348388672,112,-5.921958873305337,10.499490447642362,-3.1415753425225588,10.02509300688329,1.523191213607788,2.043684244155884,111,21.073831010910006,3.4999571141209356,9.32106381528186e-05,2.8589807829072726,1.7758288383483887,1.843441367149353,110,nan,nan,nan,nan,nan,nan,nan,nan,nan,nan,nan,nan,nan,nan,nan,nan,nan,nan,nan,nan,nan,nan,nan,nan,nan,nan,nan,nan,nan,nan,nan,nan,nan,nan,nan,nan,nan,nan,nan,nan,nan,nan,nan,nan,nan,nan,nan,nan,nan,nan,nan,nan,nan,nan,nan,nan,nan,nan,nan,nan,nan,nan,nan,nan,nan,nan,nan,nan,nan,nan,nan,nan,nan,nan,nan,nan,nan,nan,nan,nan,nan,nan,nan,nan,26.372358982707183,0.008860380876351262,-1.7324791629746983e-05,0,1.5107464790344238,49.000003814697266,nan,nan,nan,nan,nan,nan,nan,nan,nan,nan,nan,nan,44.14729483028345,-0.009151556269400979,False,0.6641699,-0.0001826355,2.6306407,-0.00042731944,4.592334,-0.00037972827,6.557088,0.0012029507,-30.82340636827419,10.498943558262626,-3.1415870606914296,2.4099160871237735,1.6197669506072998,1.6562436819076538,121,24.104302388574112,14.000096814368472,-3.1414986434831644,5.620630623429966,2.560655355453491,5.91519021987915,119,-33.678646377129674,13.99887160682062,3.141544450374063,3.9978831438823046,1.5012825727462769,3.633375883102417,118,-31.942524533943693,-0.0009561293501353014,1.145159268745033e-05,7.338040351165205,1.300939917564392,4.717525005340576,116,-4.299510927938584,13.999648845616203,-3.141270676893854,4.720335966229818,2.467444658279419,5.203838348388672,115,25.75196911502002,10.499635231709147,-3.141231262239758,4.7076796033089305,2.467444658279419,5.203838348388672,112,-4.621958873305338,10.499490447642362,-3.1415753425225588,10.02509300688329,1.523191213607788,2.043684244155884,111,22.373831010910006,3.4999571141209356,9.32106381528186e-05,2.8589807829072726,1.7758288383483887,1.843441367149353,110,nan,nan,nan,nan,nan,nan,nan,nan,nan,nan,nan,nan,nan,nan,nan,nan,nan,nan,nan,nan,nan,nan,nan,nan,nan,nan,nan,nan,nan,nan,nan,nan,nan,nan,nan,nan,nan,nan,nan,nan,nan,nan,nan,nan,nan,nan,nan,nan,nan,nan,nan,nan,nan,nan,nan,nan,nan,nan,nan,nan,nan,nan,nan,nan,nan,nan,nan,nan,nan,nan,nan,nan,nan,nan,nan,nan,nan,nan,nan,nan,nan,nan,nan,nan,27.672358982707184,0.008860380876351262,-1.7324791629746983e-05,0,1.5107464790344238,49.000003814697266,nan,nan,nan,nan,nan,nan,nan,nan,nan,nan,nan,nan